<?xml version="1.0" encoding="UTF-8" ?>
<!DOCTYPE mapper PUBLIC "-//mybatis.org//DTD Mapper 3.0//EN" 
	"http://mybatis.org/dtd/mybatis-3-mapper.dtd">

<mapper namespace="com.ssafy.happyhouse.model.dao.CommentDao">

	<!-- 댓글 등록 -->
	<insert id="writeComment" parameterType="CommentDto">
		insert into comment (comment_commentno, comment_id, comment_content, comment_regtime)
		values (#{comment_commentno}, #{comment_id}, #{comment_content}, now())
	</insert>
	
	<!-- 댓글 목록 -->
	<select id="listComment" parameterType="int" resultType="CommentDto">
		select commentno, comment_commentno, comment_id, comment_content, DATE_FORMAT(comment_regtime, '%Y-%m-%d %H:%i') as comment_regtime
		from comment
		<if test="comment_commentno != -1"> <!-- 전체검색이 아닐경우 -->
			where comment_commentno = #{comment_commentno}
		</if>
		order by commentno desc
	</select>
	
	<!-- 게시글 수정 -->
	<update id="modifyComment" parameterType="CommentDto">
		update comment
		set comment_content = #{comment_content}
		where commentno = #{commentno}
	</update>
	
	<!-- 게시글 삭제 --> 
	<delete id="deleteComment" parameterType="int">
	delete from comment
	where commentno = #{commentno}
	</delete>
	
</mapper>