<?xml version="1.0" encoding="UTF-8" ?>
<!DOCTYPE mapper PUBLIC "-//mybatis.org//DTD Mapper 3.0//EN" 
	"http://mybatis.org/dtd/mybatis-3-mapper.dtd">

<mapper namespace="com.ssafy.happyhouse.model.dao.NoticeDao">

	<!-- 게시글 등록 -->
	<insert id="writeNotice" parameterType="NoticeDto">
		insert into notice (userid, subject, content, regtime)
		values (#{userid}, #{subject}, #{content}, now())
	</insert>
	
	<!-- 게시글 목록 -->
	<select id="listNotice" parameterType="map" resultType="NoticeDto">
		select noticeno, userid, subject, content, regtime
		from notice
		<if test="word != null and word != ''">
			<if test="key == 'subject'">
				where subject like concat('%', #{word}, '%')
			</if>
			<if test="key != 'subject'">
				where ${key} like concat('%', #{word}, '%')
			</if>
		</if>
		order by noticeno desc
		limit #{start}, #{spp}
	</select>
	
	<!-- 게시글 전체 갯수 -->
	<select id="getTotalCount" parameterType="map" resultType="int">
		select count(noticeno)
		from notice
		<if test="word != null and word != ''">
			<if test="key == 'subject'">
				where subject like concat('%', #{word}, '%')
			</if>
			<if test="key != 'subject'">
				where ${key} = #{word}
			</if>
		</if>
	</select>
	
	<!-- 게시글 검색 -->
	<select id="getNotice" parameterType="int" resultType="NoticeDto">
		select noticeno, userid, subject, content, regtime
		from notice
		where noticeno = #{noticeno}
	</select>
	
	<!-- 게시글 수정 -->
	<update id="modifyNotice" parameterType="NoticeDto">
		update notice
		set subject = #{subject}, content = #{content}
		where noticeno = #{noticeno}
	</update>
	
	<!-- 게시글 삭제 --> 
	<delete id="deleteNotice" parameterType="int">
	delete from notice
	where noticeno = #{noticeno}
	</delete>
	
</mapper>