<?xml version="1.0" encoding="UTF-8"?>
<!DOCTYPE mapper PUBLIC "-//mybatis.org//DTD Mapper 3.0//EN" 
	"http://mybatis.org/dtd/mybatis-3-mapper.dtd">

<mapper namespace="com.ssafy.happyhouse.model.dao.HouseMapDao">

	<select id="getSido" resultType="SidoGugunCodeDto">
		SELECT		left(sido_code,2) as sidoCode, sido_code, sido_name as sidoName
		FROM		sidocode
		ORDER BY	sido_code
	</select>

	<select id="getGugunInSido" parameterType="String"
		resultType="SidoGugunCodeDto">
		SELECT		left(gugun_code,5) as gugunCode, gugun_code, gugun_name as gugunName
		FROM		guguncode
		WHERE		left(gugun_code,2) = #{sido}
		ORDER BY	gugun_code
	</select>
	
	<select id="getDongInGugun" parameterType="String"
		resultType="HouseDealDto">
		SELECT		distinct dong, code
		FROM		housedeal
		WHERE		code = #{gugun}
		ORDER BY	dong
	</select>
	
	<select id="getAptInDong" parameterType="String"
		resultType="HouseDealDto">
		SELECT		no, dong, AptName, code, jibun, dealAmount, buildYear, dealYear, dealMonth, dealDay, area, floor, jibun, type
		FROM		housedeal
		WHERE		dong = #{dong}
		ORDER BY	dealAmount desc
	</select>
	
	<!-- tradingdata DB test -->
<!-- 	<select id="getAptInDong" parameterType="String"
		resultType="HouseDealDto">
		SELECT		no, dong, name, regionCode, dealAmount, rentAmount, buildYear, dealYear, dealMonth, dealDay, area, floor, jibun, type
		FROM		tradingdata
		WHERE		dong like concat('%', #{dong}, '%')
		ORDER BY	dealAmount desc
	</select> -->
	
	<!-- 상세검색 파트 -->
	<select id="getDongInfo" parameterType="String"
		resultType="HouseDealDto">
		SELECT		no, dong, AptName, code, jibun, dealAmount
		FROM		housedeal
		WHERE		dong like concat('%', #{value}, '%')
		ORDER BY	dealAmount desc
	</select>
	
	<select id="getAptInfo" parameterType="String"
		resultType="HouseDealDto">
		SELECT		no, dong, AptName, code, jibun, dealAmount
		FROM		housedeal
		WHERE		AptName like concat('%', #{value}, '%')
		ORDER BY	dealAmount desc
	</select>
	
	
	<!-- 매물 상세정보 모달창용 데이터 -->
	<select id="getHouseInfo" parameterType="int" resultType="HouseDealDto">
		SELECT		no, dong, AptName, code, jibun, dealAmount, buildYear, dealYear, dealMonth, dealDay, area, floor, jibun, type, ifnull(rentMoney, 0)
		FROM		housedeal
		WHERE		no = #{no}
	</select>
	
</mapper>