<?xml version="1.0" encoding="UTF-8"?>
<!DOCTYPE mapper PUBLIC "-//mybatis.org//DTD Mapper 3.0//EN" 
	"http://mybatis.org/dtd/mybatis-3-mapper.dtd">

<mapper namespace="com.ssafy.happyhouse.model.dao.MemberDao">
	<select id="getMemberList" resultType="MemberDto">
		select memberno, username, password, email, phone, address
		from member
	</select>
	
	<update id="updateMember" parameterType="MemberDto">
			update member 
			set password = #{password}, email = #{email}, address = #{address}, phone = #{phone}
			where memberno = #{memberno}
	</update>
	
	<insert id="createMember" parameterType="MemberDto">
		insert into member (username, password, email, address, phone)
		values (#{username}, #{password}, #{email}, #{address}, #{phone})
	</insert>
	
	<delete id="deleteMember" parameterType="Integer">
		delete from member
		where memberno = #{memberno}
	</delete>
	
	<select id="searchbyName" parameterType="String" resultType="MemberDto">
		select memberno, username, password, email, phone, address
		from member
		where username like concat('%', #{username}, '%')
	</select>
	
	<select id="findPassword" parameterType="String" resultType="String">
		select password
		from member
		where username = #{username}
	</select>
	
	<select id="login" parameterType="map" resultType="MemberDto">
		select memberno, username, password, email, address, phone
		from member
		where username = #{username} and password = #{password}
	</select>
</mapper>