<?xml version="1.0" encoding="UTF-8" standalone="yes"?>
<response>
    <header>
        <resultCode>00</resultCode>
        <resultMsg>NORMAL SERVICE.</resultMsg>
    </header>
    <body>
        <items>
            <item>
                <건축년도>2007</건축년도>
                <년>2015</년>
                <법정동>
                    필운동</법정동>
                <보증금액>
                    65,000</보증금액>
                <아파트>신동아블루아광화문의 꿈</아파트>
                <월>12</월>
                <월세금액>
                    0</월세금액>
                <일>4</일>
                <전용면적>111.97</전용면적>
                <지번>254</지번>
                <지역코드>11110</지역코드>
                <층>7</층>
            </item>
            <item>
                <건축년도>2008</건축년도>
                <년>2015</년>
                <법정동>
                    사직동</법정동>
                <보증금액>
                    60,000</보증금액>
                <아파트>광화문풍림스페이스본(101동~105동)</아파트>
                <월>12</월>
                <월세금액>
                    20</월세금액>
                <일>1</일>
                <전용면적>94.28</전용면적>
                <지번>9</지번>
                <지역코드>11110</지역코드>
                <층>2</층>
            </item>
            <item>
                <건축년도>2008</건축년도>
                <년>2015</년>
                <법정동>
                    사직동</법정동>
                <보증금액>
                    30,000</보증금액>
                <아파트>광화문풍림스페이스본(101동~105동)</아파트>
                <월>12</월>
                <월세금액>
                    170</월세금액>
                <일>7</일>
                <전용면적>108.07</전용면적>
                <지번>9</지번>
                <지역코드>11110</지역코드>
                <층>7</층>
            </item>
            <item>
                <건축년도>2008</건축년도>
                <년>2015</년>
                <법정동>
                    사직동</법정동>
                <보증금액>
                    10,000</보증금액>
                <아파트>광화문풍림스페이스본(101동~105동)</아파트>
                <월>12</월>
                <월세금액>
                    300</월세금액>
                <일>7</일>
                <전용면적>158.99</전용면적>
                <지번>9</지번>
                <지역코드>11110</지역코드>
                <층>11</층>
            </item>
            <item>
                <건축년도>2008</건축년도>
                <년>2015</년>
                <법정동>
                    사직동</법정동>
                <보증금액>
                    42,000</보증금액>
                <아파트>광화문풍림스페이스본(101동~105동)</아파트>
                <월>12</월>
                <월세금액>
                    140</월세금액>
                <일>9</일>
                <전용면적>108.55</전용면적>
                <지번>9</지번>
                <지역코드>11110</지역코드>
                <층>8</층>
            </item>
            <item>
                <건축년도>2008</건축년도>
                <년>2015</년>
                <법정동>
                    사직동</법정동>
                <보증금액>
                    83,000</보증금액>
                <아파트>광화문풍림스페이스본(101동~105동)</아파트>
                <월>12</월>
                <월세금액>
                    0</월세금액>
                <일>15</일>
                <전용면적>151.81</전용면적>
                <지번>9</지번>
                <지역코드>11110</지역코드>
                <층>3</층>
            </item>
            <item>
                <건축년도>2008</건축년도>
                <년>2015</년>
                <법정동>
                    사직동</법정동>
                <보증금액>
                    30,000</보증금액>
                <아파트>광화문풍림스페이스본(101동~105동)</아파트>
                <월>12</월>
                <월세금액>
                    150</월세금액>
                <일>15</일>
                <전용면적>94.51</전용면적>
                <지번>9</지번>
                <지역코드>11110</지역코드>
                <층>6</층>
            </item>
            <item>
                <건축년도>2008</건축년도>
                <년>2015</년>
                <법정동>
                    사직동</법정동>
                <보증금액>
                    35,000</보증금액>
                <아파트>광화문풍림스페이스본(101동~105동)</아파트>
                <월>12</월>
                <월세금액>
                    230</월세금액>
                <일>17</일>
                <전용면적>158.99</전용면적>
                <지번>9</지번>
                <지역코드>11110</지역코드>
                <층>5</층>
            </item>
            <item>
                <건축년도>2008</건축년도>
                <년>2015</년>
                <법정동>
                    사직동</법정동>
                <보증금액>
                    70,000</보증금액>
                <아파트>광화문풍림스페이스본(101동~105동)</아파트>
                <월>12</월>
                <월세금액>
                    0</월세금액>
                <일>18</일>
                <전용면적>108.55</전용면적>
                <지번>9</지번>
                <지역코드>11110</지역코드>
                <층>1</층>
            </item>
            <item>
                <건축년도>2008</건축년도>
                <년>2015</년>
                <법정동>
                    사직동</법정동>
                <보증금액>
                    10,000</보증금액>
                <아파트>광화문풍림스페이스본(101동~105동)</아파트>
                <월>12</월>
                <월세금액>
                    350</월세금액>
                <일>21</일>
                <전용면적>159.01</전용면적>
                <지번>9</지번>
                <지역코드>11110</지역코드>
                <층>3</층>
            </item>
            <item>
                <건축년도>2008</건축년도>
                <년>2015</년>
                <법정동>
                    사직동</법정동>
                <보증금액>
                    53,000</보증금액>
                <아파트>광화문풍림스페이스본(101동~105동)</아파트>
                <월>12</월>
                <월세금액>
                    80</월세금액>
                <일>21</일>
                <전용면적>126.34</전용면적>
                <지번>9</지번>
                <지역코드>11110</지역코드>
                <층>4</층>
            </item>
            <item>
                <건축년도>2008</건축년도>
                <년>2015</년>
                <법정동>
                    사직동</법정동>
                <보증금액>
                    10,000</보증금액>
                <아파트>광화문풍림스페이스본(101동~105동)</아파트>
                <월>12</월>
                <월세금액>
                    180</월세금액>
                <일>23</일>
                <전용면적>94.51</전용면적>
                <지번>9</지번>
                <지역코드>11110</지역코드>
                <층>12</층>
            </item>
            <item>
                <건축년도>1981</건축년도>
                <년>2015</년>
                <법정동>
                    당주동</법정동>
                <보증금액>
                    6,000</보증금액>
                <아파트>롯데미도파광화문빌딩</아파트>
                <월>12</월>
                <월세금액>
                    150</월세금액>
                <일>16</일>
                <전용면적>149.95</전용면적>
                <지번>145</지번>
                <지역코드>11110</지역코드>
                <층>8</층>
            </item>
            <item>
                <건축년도>1981</건축년도>
                <년>2015</년>
                <법정동>
                    당주동</법정동>
                <보증금액>
                    40,000</보증금액>
                <아파트>롯데미도파광화문빌딩</아파트>
                <월>12</월>
                <월세금액>
                    0</월세금액>
                <일>22</일>
                <전용면적>149.95</전용면적>
                <지번>145</지번>
                <지역코드>11110</지역코드>
                <층>8</층>
            </item>
            <item>
                <건축년도>1981</건축년도>
                <년>2015</년>
                <법정동>
                    당주동</법정동>
                <보증금액>
                    2,000</보증금액>
                <아파트>롯데미도파광화문빌딩</아파트>
                <월>12</월>
                <월세금액>
                    95</월세금액>
                <일>30</일>
                <전용면적>65.79</전용면적>
                <지번>145</지번>
                <지역코드>11110</지역코드>
                <층>8</층>
            </item>
            <item>
                <건축년도>2003</건축년도>
                <년>2015</년>
                <법정동>
                    내수동</법정동>
                <보증금액>
                    10,000</보증금액>
                <아파트>경희궁 파크팰리스</아파트>
                <월>12</월>
                <월세금액>
                    350</월세금액>
                <일>8</일>
                <전용면적>146.39</전용면적>
                <지번>95</지번>
                <지역코드>11110</지역코드>
                <층>16</층>
            </item>
            <item>
                <건축년도>2003</건축년도>
                <년>2015</년>
                <법정동>
                    내수동</법정동>
                <보증금액>
                    75,000</보증금액>
                <아파트>경희궁 파크팰리스</아파트>
                <월>12</월>
                <월세금액>
                    0</월세금액>
                <일>8</일>
                <전용면적>146.39</전용면적>
                <지번>95</지번>
                <지역코드>11110</지역코드>
                <층>11</층>
            </item>
            <item>
                <건축년도>2003</건축년도>
                <년>2015</년>
                <법정동>
                    내수동</법정동>
                <보증금액>
                    5,000</보증금액>
                <아파트>경희궁 파크팰리스</아파트>
                <월>12</월>
                <월세금액>
                    300</월세금액>
                <일>12</일>
                <전용면적>103.77</전용면적>
                <지번>95</지번>
                <지역코드>11110</지역코드>
                <층>14</층>
            </item>
            <item>
                <건축년도>2003</건축년도>
                <년>2015</년>
                <법정동>
                    내수동</법정동>
                <보증금액>
                    30,000</보증금액>
                <아파트>경희궁 파크팰리스</아파트>
                <월>12</월>
                <월세금액>
                    190</월세금액>
                <일>18</일>
                <전용면적>117.26</전용면적>
                <지번>95</지번>
                <지역코드>11110</지역코드>
                <층>6</층>
            </item>
            <item>
                <건축년도>2004</건축년도>
                <년>2015</년>
                <법정동>
                    내수동</법정동>
                <보증금액>
                    77,000</보증금액>
                <아파트>경희궁의아침3단지</아파트>
                <월>12</월>
                <월세금액>
                    0</월세금액>
                <일>28</일>
                <전용면적>149</전용면적>
                <지번>72</지번>
                <지역코드>11110</지역코드>
                <층>4</층>
            </item>
            <item>
                <건축년도>1994</건축년도>
                <년>2015</년>
                <법정동>
                    내수동</법정동>
                <보증금액>
                    8,000</보증금액>
                <아파트>세종로대우</아파트>
                <월>12</월>
                <월세금액>
                    140</월세금액>
                <일>30</일>
                <전용면적>100.44</전용면적>
                <지번>167</지번>
                <지역코드>11110</지역코드>
                <층>11</층>
            </item>
            <item>
                <건축년도>1981</건축년도>
                <년>2015</년>
                <법정동>
                    신문로1가</법정동>
                <보증금액>
                    3,000</보증금액>
                <아파트>신문로맨션</아파트>
                <월>12</월>
                <월세금액>
                    155</월세금액>
                <일>16</일>
                <전용면적>91.53</전용면적>
                <지번>238</지번>
                <지역코드>11110</지역코드>
                <층>8</층>
            </item>
            <item>
                <건축년도>2008</건축년도>
                <년>2015</년>
                <법정동>
                    견지동</법정동>
                <보증금액>
                    48,000</보증금액>
                <아파트>대성스카이렉스</아파트>
                <월>12</월>
                <월세금액>
                    0</월세금액>
                <일>24</일>
                <전용면적>116.03</전용면적>
                <지번>110</지번>
                <지역코드>11110</지역코드>
                <층>12</층>
            </item>
            <item>
                <건축년도>2003</건축년도>
                <년>2015</년>
                <법정동>
                    익선동</법정동>
                <보증금액>
                    18,000</보증금액>
                <아파트>현대뜨레비앙</아파트>
                <월>12</월>
                <월세금액>
                    0</월세금액>
                <일>9</일>
                <전용면적>45.5</전용면적>
                <지번>55</지번>
                <지역코드>11110</지역코드>
                <층>3</층>
            </item>
            <item>
                <건축년도>2004</건축년도>
                <년>2015</년>
                <법정동>
                    이화동</법정동>
                <보증금액>
                    7,000</보증금액>
                <아파트>송림아마레스아파트</아파트>
                <월>12</월>
                <월세금액>
                    100</월세금액>
                <일>31</일>
                <전용면적>84.42</전용면적>
                <지번>9-1</지번>
                <지역코드>11110</지역코드>
                <층>6</층>
            </item>
            <item>
                <건축년도>2003</건축년도>
                <년>2015</년>
                <법정동>
                    명륜1가</법정동>
                <보증금액>
                    33,000</보증금액>
                <아파트>송림아마레스아파트</아파트>
                <월>12</월>
                <월세금액>
                    0</월세금액>
                <일>15</일>
                <전용면적>75.62</전용면적>
                <지번>2-12</지번>
                <지역코드>11110</지역코드>
                <층>5</층>
            </item>
            <item>
                <건축년도>1995</건축년도>
                <년>2015</년>
                <법정동>
                    명륜1가</법정동>
                <보증금액>
                    12,000</보증금액>
                <아파트>방산아파트</아파트>
                <월>12</월>
                <월세금액>
                    0</월세금액>
                <일>19</일>
                <전용면적>32.53</전용면적>
                <지번>5-89</지번>
                <지역코드>11110</지역코드>
                <층>2</층>
            </item>
            <item>
                <건축년도>1995</건축년도>
                <년>2015</년>
                <법정동>
                    명륜2가</법정동>
                <보증금액>
                    10,000</보증금액>
                <아파트>아남1</아파트>
                <월>12</월>
                <월세금액>
                    160</월세금액>
                <일>3</일>
                <전용면적>84.9</전용면적>
                <지번>4</지번>
                <지역코드>11110</지역코드>
                <층>16</층>
            </item>
            <item>
                <건축년도>1999</건축년도>
                <년>2015</년>
                <법정동>
                    명륜2가</법정동>
                <보증금액>
                    3,000</보증금액>
                <아파트>아남3</아파트>
                <월>12</월>
                <월세금액>
                    110</월세금액>
                <일>15</일>
                <전용면적>50.49</전용면적>
                <지번>237</지번>
                <지역코드>11110</지역코드>
                <층>3</층>
            </item>
            <item>
                <건축년도>1995</건축년도>
                <년>2015</년>
                <법정동>
                    명륜2가</법정동>
                <보증금액>
                    10,000</보증금액>
                <아파트>아남1</아파트>
                <월>12</월>
                <월세금액>
                    150</월세금액>
                <일>18</일>
                <전용면적>84.8</전용면적>
                <지번>4</지번>
                <지역코드>11110</지역코드>
                <층>4</층>
            </item>
            <item>
                <건축년도>1996</건축년도>
                <년>2015</년>
                <법정동>
                    명륜2가</법정동>
                <보증금액>
                    17,000</보증금액>
                <아파트>아남2</아파트>
                <월>12</월>
                <월세금액>
                    60</월세금액>
                <일>18</일>
                <전용면적>59.4</전용면적>
                <지번>236</지번>
                <지역코드>11110</지역코드>
                <층>4</층>
            </item>
            <item>
                <건축년도>1999</건축년도>
                <년>2015</년>
                <법정동>
                    명륜2가</법정동>
                <보증금액>
                    5,000</보증금액>
                <아파트>아남3</아파트>
                <월>12</월>
                <월세금액>
                    100</월세금액>
                <일>18</일>
                <전용면적>47.43</전용면적>
                <지번>237</지번>
                <지역코드>11110</지역코드>
                <층>5</층>
            </item>
            <item>
                <건축년도>1999</건축년도>
                <년>2015</년>
                <법정동>
                    명륜2가</법정동>
                <보증금액>
                    3,000</보증금액>
                <아파트>아남3</아파트>
                <월>12</월>
                <월세금액>
                    95</월세금액>
                <일>20</일>
                <전용면적>50.49</전용면적>
                <지번>237</지번>
                <지역코드>11110</지역코드>
                <층>3</층>
            </item>
            <item>
                <건축년도>1999</건축년도>
                <년>2015</년>
                <법정동>
                    명륜2가</법정동>
                <보증금액>
                    23,000</보증금액>
                <아파트>아남3</아파트>
                <월>12</월>
                <월세금액>
                    0</월세금액>
                <일>24</일>
                <전용면적>44.37</전용면적>
                <지번>237</지번>
                <지역코드>11110</지역코드>
                <층>8</층>
            </item>
            <item>
                <건축년도>1995</건축년도>
                <년>2015</년>
                <법정동>
                    명륜2가</법정동>
                <보증금액>
                    27,000</보증금액>
                <아파트>아남1</아파트>
                <월>12</월>
                <월세금액>
                    53</월세금액>
                <일>27</일>
                <전용면적>84.9</전용면적>
                <지번>4</지번>
                <지역코드>11110</지역코드>
                <층>3</층>
            </item>
            <item>
                <건축년도>1999</건축년도>
                <년>2015</년>
                <법정동>
                    창신동</법정동>
                <보증금액>
                    10,000</보증금액>
                <아파트>두산</아파트>
                <월>12</월>
                <월세금액>
                    80</월세금액>
                <일>1</일>
                <전용면적>59.95</전용면적>
                <지번>232</지번>
                <지역코드>11110</지역코드>
                <층>15</층>
            </item>
            <item>
                <건축년도>1993</건축년도>
                <년>2015</년>
                <법정동>
                    창신동</법정동>
                <보증금액>
                    3,000</보증금액>
                <아파트>창신쌍용2</아파트>
                <월>12</월>
                <월세금액>
                    100</월세금액>
                <일>1</일>
                <전용면적>79.87</전용면적>
                <지번>703</지번>
                <지역코드>11110</지역코드>
                <층>15</층>
            </item>
            <item>
                <건축년도>1999</건축년도>
                <년>2015</년>
                <법정동>
                    창신동</법정동>
                <보증금액>
                    30,000</보증금액>
                <아파트>두산</아파트>
                <월>12</월>
                <월세금액>
                    0</월세금액>
                <일>2</일>
                <전용면적>59.95</전용면적>
                <지번>232</지번>
                <지역코드>11110</지역코드>
                <층>9</층>
            </item>
            <item>
                <건축년도>1993</건축년도>
                <년>2015</년>
                <법정동>
                    창신동</법정동>
                <보증금액>
                    17,000</보증금액>
                <아파트>창신쌍용2</아파트>
                <월>12</월>
                <월세금액>
                    40</월세금액>
                <일>5</일>
                <전용면적>64.66</전용면적>
                <지번>703</지번>
                <지역코드>11110</지역코드>
                <층>4</층>
            </item>
            <item>
                <건축년도>1993</건축년도>
                <년>2015</년>
                <법정동>
                    창신동</법정동>
                <보증금액>
                    28,000</보증금액>
                <아파트>창신쌍용2</아파트>
                <월>12</월>
                <월세금액>
                    0</월세금액>
                <일>7</일>
                <전용면적>79.87</전용면적>
                <지번>703</지번>
                <지역코드>11110</지역코드>
                <층>2</층>
            </item>
            <item>
                <건축년도>1993</건축년도>
                <년>2015</년>
                <법정동>
                    창신동</법정동>
                <보증금액>
                    2,500</보증금액>
                <아파트>창신쌍용2</아파트>
                <월>12</월>
                <월세금액>
                    70</월세금액>
                <일>8</일>
                <전용면적>54.7</전용면적>
                <지번>703</지번>
                <지역코드>11110</지역코드>
                <층>1</층>
            </item>
            <item>
                <건축년도>1999</건축년도>
                <년>2015</년>
                <법정동>
                    창신동</법정동>
                <보증금액>
                    28,000</보증금액>
                <아파트>두산</아파트>
                <월>12</월>
                <월세금액>
                    0</월세금액>
                <일>10</일>
                <전용면적>59.95</전용면적>
                <지번>232</지번>
                <지역코드>11110</지역코드>
                <층>2</층>
            </item>
            <item>
                <건축년도>2006</건축년도>
                <년>2015</년>
                <법정동>
                    창신동</법정동>
                <보증금액>
                    38,000</보증금액>
                <아파트>브라운스톤창신</아파트>
                <월>12</월>
                <월세금액>
                    0</월세금액>
                <일>15</일>
                <전용면적>84.81</전용면적>
                <지번>23-76</지번>
                <지역코드>11110</지역코드>
                <층>14</층>
            </item>
            <item>
                <건축년도>1992</건축년도>
                <년>2015</년>
                <법정동>
                    창신동</법정동>
                <보증금액>
                    22,000</보증금액>
                <아파트>창신쌍용1</아파트>
                <월>12</월>
                <월세금액>
                    20</월세금액>
                <일>17</일>
                <전용면적>54.7</전용면적>
                <지번>702</지번>
                <지역코드>11110</지역코드>
                <층>7</층>
            </item>
            <item>
                <건축년도>1992</건축년도>
                <년>2015</년>
                <법정동>
                    창신동</법정동>
                <보증금액>
                    29,000</보증금액>
                <아파트>창신쌍용1</아파트>
                <월>12</월>
                <월세금액>
                    0</월세금액>
                <일>19</일>
                <전용면적>79.87</전용면적>
                <지번>702</지번>
                <지역코드>11110</지역코드>
                <층>9</층>
            </item>
            <item>
                <건축년도>2006</건축년도>
                <년>2015</년>
                <법정동>
                    창신동</법정동>
                <보증금액>
                    38,000</보증금액>
                <아파트>브라운스톤창신</아파트>
                <월>12</월>
                <월세금액>
                    0</월세금액>
                <일>21</일>
                <전용면적>84.81</전용면적>
                <지번>23-76</지번>
                <지역코드>11110</지역코드>
                <층>15</층>
            </item>
            <item>
                <건축년도>1993</건축년도>
                <년>2015</년>
                <법정동>
                    창신동</법정동>
                <보증금액>
                    23,000</보증금액>
                <아파트>창신쌍용2</아파트>
                <월>12</월>
                <월세금액>
                    20</월세금액>
                <일>21</일>
                <전용면적>79.87</전용면적>
                <지번>703</지번>
                <지역코드>11110</지역코드>
                <층>12</층>
            </item>
            <item>
                <건축년도>1993</건축년도>
                <년>2015</년>
                <법정동>
                    창신동</법정동>
                <보증금액>
                    22,000</보증금액>
                <아파트>창신쌍용2</아파트>
                <월>12</월>
                <월세금액>
                    0</월세금액>
                <일>22</일>
                <전용면적>54.7</전용면적>
                <지번>703</지번>
                <지역코드>11110</지역코드>
                <층>2</층>
            </item>
            <item>
                <건축년도>1993</건축년도>
                <년>2015</년>
                <법정동>
                    창신동</법정동>
                <보증금액>
                    21,000</보증금액>
                <아파트>창신쌍용2</아파트>
                <월>12</월>
                <월세금액>
                    20</월세금액>
                <일>23</일>
                <전용면적>79.87</전용면적>
                <지번>703</지번>
                <지역코드>11110</지역코드>
                <층>8</층>
            </item>
            <item>
                <건축년도>2006</건축년도>
                <년>2015</년>
                <법정동>
                    창신동</법정동>
                <보증금액>
                    37,000</보증금액>
                <아파트>브라운스톤창신</아파트>
                <월>12</월>
                <월세금액>
                    0</월세금액>
                <일>29</일>
                <전용면적>84.87</전용면적>
                <지번>23-76</지번>
                <지역코드>11110</지역코드>
                <층>13</층>
            </item>
            <item>
                <건축년도>1993</건축년도>
                <년>2015</년>
                <법정동>
                    창신동</법정동>
                <보증금액>
                    14,000</보증금액>
                <아파트>창신쌍용2</아파트>
                <월>12</월>
                <월세금액>
                    30</월세금액>
                <일>30</일>
                <전용면적>54.7</전용면적>
                <지번>703</지번>
                <지역코드>11110</지역코드>
                <층>1</층>
            </item>
            <item>
                <건축년도>2002</건축년도>
                <년>2015</년>
                <법정동>
                    창신동</법정동>
                <보증금액>
                    15,500</보증금액>
                <아파트>MID그린(4동)</아파트>
                <월>12</월>
                <월세금액>
                    0</월세금액>
                <일>30</일>
                <전용면적>59.55</전용면적>
                <지번>601-5</지번>
                <지역코드>11110</지역코드>
                <층>6</층>
            </item>
            <item>
                <건축년도>2013</건축년도>
                <년>2015</년>
                <법정동>
                    숭인동</법정동>
                <보증금액>
                    3,000</보증금액>
                <아파트>종로유케이201</아파트>
                <월>12</월>
                <월세금액>
                    30</월세금액>
                <일>3</일>
                <전용면적>12.01</전용면적>
                <지번>201-11</지번>
                <지역코드>11110</지역코드>
                <층>6</층>
            </item>
            <item>
                <건축년도>2013</건축년도>
                <년>2015</년>
                <법정동>
                    숭인동</법정동>
                <보증금액>
                    11,500</보증금액>
                <아파트>종로중흥S클래스</아파트>
                <월>12</월>
                <월세금액>
                    0</월세금액>
                <일>3</일>
                <전용면적>19.466</전용면적>
                <지번>202-3</지번>
                <지역코드>11110</지역코드>
                <층>15</층>
            </item>
            <item>
                <건축년도>2012</건축년도>
                <년>2015</년>
                <법정동>
                    숭인동</법정동>
                <보증금액>
                    1,000</보증금액>
                <아파트>삼전솔하임2차</아파트>
                <월>12</월>
                <월세금액>
                    55</월세금액>
                <일>4</일>
                <전용면적>14.69</전용면적>
                <지번>296-19</지번>
                <지역코드>11110</지역코드>
                <층>9</층>
            </item>
            <item>
                <건축년도>2008</건축년도>
                <년>2015</년>
                <법정동>
                    숭인동</법정동>
                <보증금액>
                    42,000</보증금액>
                <아파트>종로센트레빌</아파트>
                <월>12</월>
                <월세금액>
                    0</월세금액>
                <일>7</일>
                <전용면적>114.67</전용면적>
                <지번>2-1</지번>
                <지역코드>11110</지역코드>
                <층>3</층>
            </item>
            <item>
                <건축년도>2014</건축년도>
                <년>2015</년>
                <법정동>
                    숭인동</법정동>
                <보증금액>
                    1,000</보증금액>
                <아파트>삼전솔하임4차</아파트>
                <월>12</월>
                <월세금액>
                    55</월세금액>
                <일>9</일>
                <전용면적>15.09</전용면적>
                <지번>318-2</지번>
                <지역코드>11110</지역코드>
                <층>17</층>
            </item>
            <item>
                <건축년도>2004</건축년도>
                <년>2015</년>
                <법정동>
                    숭인동</법정동>
                <보증금액>
                    45,000</보증금액>
                <아파트>롯데캐슬천지인</아파트>
                <월>12</월>
                <월세금액>
                    0</월세금액>
                <일>10</일>
                <전용면적>111.73</전용면적>
                <지번>76</지번>
                <지역코드>11110</지역코드>
                <층>27</층>
            </item>
            <item>
                <건축년도>2009</건축년도>
                <년>2015</년>
                <법정동>
                    숭인동</법정동>
                <보증금액>
                    35,000</보증금액>
                <아파트>종로청계힐스테이트</아파트>
                <월>12</월>
                <월세금액>
                    0</월세금액>
                <일>16</일>
                <전용면적>59.9426</전용면적>
                <지번>766</지번>
                <지역코드>11110</지역코드>
                <층>3</층>
            </item>
            <item>
                <건축년도>2013</건축년도>
                <년>2015</년>
                <법정동>
                    숭인동</법정동>
                <보증금액>
                    8,500</보증금액>
                <아파트>COZY빌딩</아파트>
                <월>12</월>
                <월세금액>
                    0</월세금액>
                <일>23</일>
                <전용면적>15.306</전용면적>
                <지번>317-39</지번>
                <지역코드>11110</지역코드>
                <층>13</층>
            </item>
            <item>
                <건축년도>2013</건축년도>
                <년>2015</년>
                <법정동>
                    숭인동</법정동>
                <보증금액>
                    3,000</보증금액>
                <아파트>종로아인스빌</아파트>
                <월>12</월>
                <월세금액>
                    40</월세금액>
                <일>24</일>
                <전용면적>12.15</전용면적>
                <지번>1392-1</지번>
                <지역코드>11110</지역코드>
                <층>11</층>
            </item>
            <item>
                <건축년도>2012</건축년도>
                <년>2015</년>
                <법정동>
                    숭인동</법정동>
                <보증금액>
                    11,500</보증금액>
                <아파트>삼전솔하임2차</아파트>
                <월>12</월>
                <월세금액>
                    0</월세금액>
                <일>25</일>
                <전용면적>16.67</전용면적>
                <지번>296-19</지번>
                <지역코드>11110</지역코드>
                <층>4</층>
            </item>
            <item>
                <건축년도>2012</건축년도>
                <년>2015</년>
                <법정동>
                    숭인동</법정동>
                <보증금액>
                    1,000</보증금액>
                <아파트>삼전솔하임2차</아파트>
                <월>12</월>
                <월세금액>
                    55</월세금액>
                <일>26</일>
                <전용면적>15</전용면적>
                <지번>296-19</지번>
                <지역코드>11110</지역코드>
                <층>9</층>
            </item>
            <item>
                <건축년도>2012</건축년도>
                <년>2015</년>
                <법정동>
                    숭인동</법정동>
                <보증금액>
                    1,000</보증금액>
                <아파트>삼전솔하임2차</아파트>
                <월>12</월>
                <월세금액>
                    50</월세금액>
                <일>26</일>
                <전용면적>14.69</전용면적>
                <지번>296-19</지번>
                <지역코드>11110</지역코드>
                <층>7</층>
            </item>
            <item>
                <건축년도>2009</건축년도>
                <년>2015</년>
                <법정동>
                    숭인동</법정동>
                <보증금액>
                    34,000</보증금액>
                <아파트>종로청계힐스테이트</아파트>
                <월>12</월>
                <월세금액>
                    0</월세금액>
                <일>28</일>
                <전용면적>59.9426</전용면적>
                <지번>766</지번>
                <지역코드>11110</지역코드>
                <층>13</층>
            </item>
            <item>
                <건축년도>2013</건축년도>
                <년>2015</년>
                <법정동>
                    숭인동</법정동>
                <보증금액>
                    1,000</보증금액>
                <아파트>종로중흥S클래스</아파트>
                <월>12</월>
                <월세금액>
                    55</월세금액>
                <일>28</일>
                <전용면적>17.811</전용면적>
                <지번>202-3</지번>
                <지역코드>11110</지역코드>
                <층>15</층>
            </item>
            <item>
                <건축년도>1998</건축년도>
                <년>2015</년>
                <법정동>
                    평창동</법정동>
                <보증금액>
                    23,000</보증금액>
                <아파트>삼성</아파트>
                <월>12</월>
                <월세금액>
                    0</월세금액>
                <일>3</일>
                <전용면적>59.97</전용면적>
                <지번>596</지번>
                <지역코드>11110</지역코드>
                <층>14</층>
            </item>
            <item>
                <건축년도>2001</건축년도>
                <년>2015</년>
                <법정동>
                    평창동</법정동>
                <보증금액>
                    20,000</보증금액>
                <아파트>롯데낙천대</아파트>
                <월>12</월>
                <월세금액>
                    140</월세금액>
                <일>5</일>
                <전용면적>133.34</전용면적>
                <지번>72</지번>
                <지역코드>11110</지역코드>
                <층>14</층>
            </item>
            <item>
                <건축년도>1998</건축년도>
                <년>2015</년>
                <법정동>
                    평창동</법정동>
                <보증금액>
                    22,000</보증금액>
                <아파트>삼성</아파트>
                <월>12</월>
                <월세금액>
                    0</월세금액>
                <일>22</일>
                <전용면적>59.97</전용면적>
                <지번>596</지번>
                <지역코드>11110</지역코드>
                <층>7</층>
            </item>
            <item>
                <건축년도>2008</건축년도>
                <년>2015</년>
                <법정동>
                    무악동</법정동>
                <보증금액>
                    45,000</보증금액>
                <아파트>인왕산아이파크</아파트>
                <월>12</월>
                <월세금액>
                    30</월세금액>
                <일>1</일>
                <전용면적>84.858</전용면적>
                <지번>60</지번>
                <지역코드>11110</지역코드>
                <층>6</층>
            </item>
            <item>
                <건축년도>2008</건축년도>
                <년>2015</년>
                <법정동>
                    무악동</법정동>
                <보증금액>
                    55,000</보증금액>
                <아파트>인왕산아이파크</아파트>
                <월>12</월>
                <월세금액>
                    0</월세금액>
                <일>3</일>
                <전용면적>84.858</전용면적>
                <지번>60</지번>
                <지역코드>11110</지역코드>
                <층>16</층>
            </item>
            <item>
                <건축년도>2000</건축년도>
                <년>2015</년>
                <법정동>
                    무악동</법정동>
                <보증금액>
                    10,000</보증금액>
                <아파트>현대</아파트>
                <월>12</월>
                <월세금액>
                    100</월세금액>
                <일>3</일>
                <전용면적>84.92</전용면적>
                <지번>82</지번>
                <지역코드>11110</지역코드>
                <층>5</층>
            </item>
            <item>
                <건축년도>2000</건축년도>
                <년>2015</년>
                <법정동>
                    무악동</법정동>
                <보증금액>
                    10,000</보증금액>
                <아파트>현대</아파트>
                <월>12</월>
                <월세금액>
                    110</월세금액>
                <일>4</일>
                <전용면적>84.92</전용면적>
                <지번>82</지번>
                <지역코드>11110</지역코드>
                <층>10</층>
            </item>
            <item>
                <건축년도>2000</건축년도>
                <년>2015</년>
                <법정동>
                    무악동</법정동>
                <보증금액>
                    10,000</보증금액>
                <아파트>현대</아파트>
                <월>12</월>
                <월세금액>
                    120</월세금액>
                <일>7</일>
                <전용면적>84.92</전용면적>
                <지번>82</지번>
                <지역코드>11110</지역코드>
                <층>5</층>
            </item>
            <item>
                <건축년도>2000</건축년도>
                <년>2015</년>
                <법정동>
                    무악동</법정동>
                <보증금액>
                    40,000</보증금액>
                <아파트>현대</아파트>
                <월>12</월>
                <월세금액>
                    57</월세금액>
                <일>10</일>
                <전용면적>114.9</전용면적>
                <지번>82</지번>
                <지역코드>11110</지역코드>
                <층>12</층>
            </item>
            <item>
                <건축년도>2008</건축년도>
                <년>2015</년>
                <법정동>
                    무악동</법정동>
                <보증금액>
                    55,000</보증금액>
                <아파트>인왕산아이파크</아파트>
                <월>12</월>
                <월세금액>
                    0</월세금액>
                <일>10</일>
                <전용면적>84.858</전용면적>
                <지번>60</지번>
                <지역코드>11110</지역코드>
                <층>2</층>
            </item>
            <item>
                <건축년도>2008</건축년도>
                <년>2015</년>
                <법정동>
                    무악동</법정동>
                <보증금액>
                    10,000</보증금액>
                <아파트>인왕산아이파크</아파트>
                <월>12</월>
                <월세금액>
                    170</월세금액>
                <일>11</일>
                <전용면적>84.858</전용면적>
                <지번>60</지번>
                <지역코드>11110</지역코드>
                <층>13</층>
            </item>
            <item>
                <건축년도>2000</건축년도>
                <년>2015</년>
                <법정동>
                    무악동</법정동>
                <보증금액>
                    18,000</보증금액>
                <아파트>현대</아파트>
                <월>12</월>
                <월세금액>
                    70</월세금액>
                <일>11</일>
                <전용면적>60</전용면적>
                <지번>82</지번>
                <지역코드>11110</지역코드>
                <층>8</층>
            </item>
            <item>
                <건축년도>2000</건축년도>
                <년>2015</년>
                <법정동>
                    무악동</법정동>
                <보증금액>
                    49,000</보증금액>
                <아파트>현대</아파트>
                <월>12</월>
                <월세금액>
                    0</월세금액>
                <일>11</일>
                <전용면적>114.9</전용면적>
                <지번>82</지번>
                <지역코드>11110</지역코드>
                <층>1</층>
            </item>
            <item>
                <건축년도>2000</건축년도>
                <년>2015</년>
                <법정동>
                    무악동</법정동>
                <보증금액>
                    5,000</보증금액>
                <아파트>현대</아파트>
                <월>12</월>
                <월세금액>
                    170</월세금액>
                <일>14</일>
                <전용면적>114.9</전용면적>
                <지번>82</지번>
                <지역코드>11110</지역코드>
                <층>3</층>
            </item>
            <item>
                <건축년도>2008</건축년도>
                <년>2015</년>
                <법정동>
                    무악동</법정동>
                <보증금액>
                    5,000</보증금액>
                <아파트>인왕산아이파크</아파트>
                <월>12</월>
                <월세금액>
                    170</월세금액>
                <일>15</일>
                <전용면적>84.858</전용면적>
                <지번>60</지번>
                <지역코드>11110</지역코드>
                <층>10</층>
            </item>
            <item>
                <건축년도>2008</건축년도>
                <년>2015</년>
                <법정동>
                    무악동</법정동>
                <보증금액>
                    42,000</보증금액>
                <아파트>인왕산아이파크</아파트>
                <월>12</월>
                <월세금액>
                    50</월세금액>
                <일>17</일>
                <전용면적>84.858</전용면적>
                <지번>60</지번>
                <지역코드>11110</지역코드>
                <층>14</층>
            </item>
            <item>
                <건축년도>2008</건축년도>
                <년>2015</년>
                <법정동>
                    무악동</법정동>
                <보증금액>
                    56,000</보증금액>
                <아파트>인왕산아이파크</아파트>
                <월>12</월>
                <월세금액>
                    0</월세금액>
                <일>19</일>
                <전용면적>84.858</전용면적>
                <지번>60</지번>
                <지역코드>11110</지역코드>
                <층>13</층>
            </item>
            <item>
                <건축년도>2008</건축년도>
                <년>2015</년>
                <법정동>
                    무악동</법정동>
                <보증금액>
                    53,000</보증금액>
                <아파트>인왕산아이파크</아파트>
                <월>12</월>
                <월세금액>
                    0</월세금액>
                <일>19</일>
                <전용면적>84.858</전용면적>
                <지번>60</지번>
                <지역코드>11110</지역코드>
                <층>1</층>
            </item>
            <item>
                <건축년도>2000</건축년도>
                <년>2015</년>
                <법정동>
                    무악동</법정동>
                <보증금액>
                    55,000</보증금액>
                <아파트>현대</아파트>
                <월>12</월>
                <월세금액>
                    0</월세금액>
                <일>19</일>
                <전용면적>114.9</전용면적>
                <지번>82</지번>
                <지역코드>11110</지역코드>
                <층>19</층>
            </item>
            <item>
                <건축년도>2008</건축년도>
                <년>2015</년>
                <법정동>
                    무악동</법정동>
                <보증금액>
                    45,000</보증금액>
                <아파트>인왕산아이파크</아파트>
                <월>12</월>
                <월세금액>
                    0</월세금액>
                <일>20</일>
                <전용면적>59.993</전용면적>
                <지번>60</지번>
                <지역코드>11110</지역코드>
                <층>7</층>
            </item>
            <item>
                <건축년도>2008</건축년도>
                <년>2015</년>
                <법정동>
                    무악동</법정동>
                <보증금액>
                    23,000</보증금액>
                <아파트>인왕산아이파크</아파트>
                <월>12</월>
                <월세금액>
                    60</월세금액>
                <일>21</일>
                <전용면적>59.993</전용면적>
                <지번>60</지번>
                <지역코드>11110</지역코드>
                <층>16</층>
            </item>
            <item>
                <건축년도>2008</건축년도>
                <년>2015</년>
                <법정동>
                    무악동</법정동>
                <보증금액>
                    5,000</보증금액>
                <아파트>인왕산아이파크</아파트>
                <월>12</월>
                <월세금액>
                    180</월세금액>
                <일>21</일>
                <전용면적>84.858</전용면적>
                <지번>60</지번>
                <지역코드>11110</지역코드>
                <층>12</층>
            </item>
            <item>
                <건축년도>2008</건축년도>
                <년>2015</년>
                <법정동>
                    무악동</법정동>
                <보증금액>
                    53,000</보증금액>
                <아파트>인왕산아이파크</아파트>
                <월>12</월>
                <월세금액>
                    0</월세금액>
                <일>21</일>
                <전용면적>84.858</전용면적>
                <지번>60</지번>
                <지역코드>11110</지역코드>
                <층>15</층>
            </item>
            <item>
                <건축년도>2000</건축년도>
                <년>2015</년>
                <법정동>
                    무악동</법정동>
                <보증금액>
                    25,000</보증금액>
                <아파트>현대</아파트>
                <월>12</월>
                <월세금액>
                    35</월세금액>
                <일>21</일>
                <전용면적>60</전용면적>
                <지번>82</지번>
                <지역코드>11110</지역코드>
                <층>17</층>
            </item>
            <item>
                <건축년도>2000</건축년도>
                <년>2015</년>
                <법정동>
                    무악동</법정동>
                <보증금액>
                    25,000</보증금액>
                <아파트>현대</아파트>
                <월>12</월>
                <월세금액>
                    45</월세금액>
                <일>23</일>
                <전용면적>60</전용면적>
                <지번>82</지번>
                <지역코드>11110</지역코드>
                <층>13</층>
            </item>
            <item>
                <건축년도>2000</건축년도>
                <년>2015</년>
                <법정동>
                    무악동</법정동>
                <보증금액>
                    45,000</보증금액>
                <아파트>현대</아파트>
                <월>12</월>
                <월세금액>
                    0</월세금액>
                <일>23</일>
                <전용면적>84.92</전용면적>
                <지번>82</지번>
                <지역코드>11110</지역코드>
                <층>6</층>
            </item>
            <item>
                <건축년도>2000</건축년도>
                <년>2015</년>
                <법정동>
                    무악동</법정동>
                <보증금액>
                    55,000</보증금액>
                <아파트>현대</아파트>
                <월>12</월>
                <월세금액>
                    0</월세금액>
                <일>26</일>
                <전용면적>114.9</전용면적>
                <지번>82</지번>
                <지역코드>11110</지역코드>
                <층>15</층>
            </item>
            <item>
                <건축년도>2008</건축년도>
                <년>2015</년>
                <법정동>
                    무악동</법정동>
                <보증금액>
                    56,000</보증금액>
                <아파트>인왕산아이파크</아파트>
                <월>12</월>
                <월세금액>
                    0</월세금액>
                <일>30</일>
                <전용면적>84.858</전용면적>
                <지번>60</지번>
                <지역코드>11110</지역코드>
                <층>15</층>
            </item>
        </items>
        <numOfRows>10</numOfRows>
        <pageNo>1</pageNo>
        <totalCount>94</totalCount>
    </body>
</response>