<?xml version="1.0" encoding="UTF-8" standalone="yes"?>
<response>
    <header>
        <resultCode>00</resultCode>
        <resultMsg>NORMAL SERVICE.</resultMsg>
    </header>
    <body>
        <items>
            <item>
                <거래금액>
                    82,500</거래금액>
                <건축년도>2008</건축년도>
                <년>2015</년>
                <도로명>사직로8길</도로명>
                <도로명건물본번호코드>00004</도로명건물본번호코드>
                <도로명건물부번호코드>00000</도로명건물부번호코드>
                <도로명시군구코드>11110</도로명시군구코드>
                <도로명일련번호코드>03</도로명일련번호코드>
                <도로명지상지하코드>0</도로명지상지하코드>
                <도로명코드>4100135</도로명코드>
                <법정동>
                    사직동</법정동>
                <법정동본번코드>0009</법정동본번코드>
                <법정동부번코드>0000</법정동부번코드>
                <법정동시군구코드>11110</법정동시군구코드>
                <법정동읍면동코드>11500</법정동읍면동코드>
                <법정동지번코드>1</법정동지번코드>
                <아파트>광화문풍림스페이스본(101동~105동)</아파트>
                <월>12</월>
                <일>10</일>
                <일련번호>11110-2203</일련번호>
                <전용면적>94.51</전용면적>
                <지번>9</지번>
                <지역코드>11110</지역코드>
                <층>11</층>
            </item>
            <item>
                <거래금액>
                    60,000</거래금액>
                <건축년도>1981</건축년도>
                <년>2015</년>
                <도로명>세종대로23길</도로명>
                <도로명건물본번호코드>00047</도로명건물본번호코드>
                <도로명건물부번호코드>00000</도로명건물부번호코드>
                <도로명시군구코드>11110</도로명시군구코드>
                <도로명일련번호코드>02</도로명일련번호코드>
                <도로명지상지하코드>0</도로명지상지하코드>
                <도로명코드>4100190</도로명코드>
                <법정동>
                    당주동</법정동>
                <법정동본번코드>0145</법정동본번코드>
                <법정동부번코드>0000</법정동부번코드>
                <법정동시군구코드>11110</법정동시군구코드>
                <법정동읍면동코드>11700</법정동읍면동코드>
                <법정동지번코드>1</법정동지번코드>
                <아파트>롯데미도파광화문빌딩</아파트>
                <월>12</월>
                <일>22</일>
                <일련번호>11110-12</일련번호>
                <전용면적>149.95</전용면적>
                <지번>145</지번>
                <지역코드>11110</지역코드>
                <층>8</층>
            </item>
            <item>
                <거래금액>
                    130,000</거래금액>
                <건축년도>2004</건축년도>
                <년>2015</년>
                <도로명>경희궁2길</도로명>
                <도로명건물본번호코드>00005</도로명건물본번호코드>
                <도로명건물부번호코드>00005</도로명건물부번호코드>
                <도로명시군구코드>11110</도로명시군구코드>
                <도로명일련번호코드>01</도로명일련번호코드>
                <도로명지상지하코드>0</도로명지상지하코드>
                <도로명코드>4100005</도로명코드>
                <법정동>
                    내수동</법정동>
                <법정동본번코드>0110</법정동본번코드>
                <법정동부번코드>0015</법정동부번코드>
                <법정동시군구코드>11110</법정동시군구코드>
                <법정동읍면동코드>11800</법정동읍면동코드>
                <법정동지번코드>1</법정동지번코드>
                <아파트>킹스매너</아파트>
                <월>12</월>
                <일>8</일>
                <일련번호>11110-118</일련번호>
                <전용면적>194.43</전용면적>
                <지번>110-15</지번>
                <지역코드>11110</지역코드>
                <층>6</층>
            </item>
            <item>
                <거래금액>
                    105,000</거래금액>
                <건축년도>2004</건축년도>
                <년>2015</년>
                <도로명>사직로8길</도로명>
                <도로명건물본번호코드>00024</도로명건물본번호코드>
                <도로명건물부번호코드>00000</도로명건물부번호코드>
                <도로명시군구코드>11110</도로명시군구코드>
                <도로명일련번호코드>05</도로명일련번호코드>
                <도로명지상지하코드>0</도로명지상지하코드>
                <도로명코드>4100135</도로명코드>
                <법정동>
                    내수동</법정동>
                <법정동본번코드>0071</법정동본번코드>
                <법정동부번코드>0000</법정동부번코드>
                <법정동시군구코드>11110</법정동시군구코드>
                <법정동읍면동코드>11800</법정동읍면동코드>
                <법정동지번코드>1</법정동지번코드>
                <아파트>경희궁의아침2단지</아파트>
                <월>12</월>
                <일>14</일>
                <일련번호>11110-115</일련번호>
                <전용면적>124.17</전용면적>
                <지번>71</지번>
                <지역코드>11110</지역코드>
                <층>8</층>
            </item>
            <item>
                <거래금액>
                    120,000</거래금액>
                <건축년도>2003</건축년도>
                <년>2015</년>
                <도로명>사직로8길</도로명>
                <도로명건물본번호코드>00020</도로명건물본번호코드>
                <도로명건물부번호코드>00000</도로명건물부번호코드>
                <도로명시군구코드>11110</도로명시군구코드>
                <도로명일련번호코드>05</도로명일련번호코드>
                <도로명지상지하코드>0</도로명지상지하코드>
                <도로명코드>4100135</도로명코드>
                <법정동>
                    내수동</법정동>
                <법정동본번코드>0095</법정동본번코드>
                <법정동부번코드>0000</법정동부번코드>
                <법정동시군구코드>11110</법정동시군구코드>
                <법정동읍면동코드>11800</법정동읍면동코드>
                <법정동지번코드>1</법정동지번코드>
                <아파트>경희궁 파크팰리스</아파트>
                <월>12</월>
                <일>24</일>
                <일련번호>11110-107</일련번호>
                <전용면적>146.33</전용면적>
                <지번>95</지번>
                <지역코드>11110</지역코드>
                <층>4</층>
            </item>
            <item>
                <거래금액>
                    17,000</거래금액>
                <건축년도>2014</건축년도>
                <년>2015</년>
                <도로명>대학로</도로명>
                <도로명건물본번호코드>00047</도로명건물본번호코드>
                <도로명건물부번호코드>00000</도로명건물부번호코드>
                <도로명시군구코드>11110</도로명시군구코드>
                <도로명일련번호코드>05</도로명일련번호코드>
                <도로명지상지하코드>0</도로명지상지하코드>
                <도로명코드>3100002</도로명코드>
                <법정동>
                    연건동</법정동>
                <법정동본번코드>0195</법정동본번코드>
                <법정동부번코드>0010</법정동부번코드>
                <법정동시군구코드>11110</법정동시군구코드>
                <법정동읍면동코드>16600</법정동읍면동코드>
                <법정동지번코드>1</법정동지번코드>
                <아파트>이화에수풀</아파트>
                <월>12</월>
                <일>17</일>
                <일련번호>11110-2359</일련번호>
                <전용면적>16.98</전용면적>
                <지번>195-10</지번>
                <지역코드>11110</지역코드>
                <층>8</층>
            </item>
            <item>
                <거래금액>
                    17,000</거래금액>
                <건축년도>2014</건축년도>
                <년>2015</년>
                <도로명>대학로</도로명>
                <도로명건물본번호코드>00047</도로명건물본번호코드>
                <도로명건물부번호코드>00000</도로명건물부번호코드>
                <도로명시군구코드>11110</도로명시군구코드>
                <도로명일련번호코드>05</도로명일련번호코드>
                <도로명지상지하코드>0</도로명지상지하코드>
                <도로명코드>3100002</도로명코드>
                <법정동>
                    연건동</법정동>
                <법정동본번코드>0195</법정동본번코드>
                <법정동부번코드>0010</법정동부번코드>
                <법정동시군구코드>11110</법정동시군구코드>
                <법정동읍면동코드>16600</법정동읍면동코드>
                <법정동지번코드>1</법정동지번코드>
                <아파트>이화에수풀</아파트>
                <월>12</월>
                <일>18</일>
                <일련번호>11110-2359</일련번호>
                <전용면적>16.98</전용면적>
                <지번>195-10</지번>
                <지역코드>11110</지역코드>
                <층>4</층>
            </item>
            <item>
                <거래금액>
                    57,000</거래금액>
                <건축년도>2006</건축년도>
                <년>2015</년>
                <도로명>혜화로3가길</도로명>
                <도로명건물본번호코드>00030</도로명건물본번호코드>
                <도로명건물부번호코드>00000</도로명건물부번호코드>
                <도로명시군구코드>11110</도로명시군구코드>
                <도로명일련번호코드>01</도로명일련번호코드>
                <도로명지상지하코드>0</도로명지상지하코드>
                <도로명코드>4100544</도로명코드>
                <법정동>
                    명륜1가</법정동>
                <법정동본번코드>0019</법정동본번코드>
                <법정동부번코드>0000</법정동부번코드>
                <법정동시군구코드>11110</법정동시군구코드>
                <법정동읍면동코드>17000</법정동읍면동코드>
                <법정동지번코드>1</법정동지번코드>
                <아파트>렉스빌</아파트>
                <월>12</월>
                <일>29</일>
                <일련번호>11110-973</일련번호>
                <전용면적>106.98</전용면적>
                <지번>19</지번>
                <지역코드>11110</지역코드>
                <층>3</층>
            </item>
            <item>
                <거래금액>
                    44,000</거래금액>
                <건축년도>1995</건축년도>
                <년>2015</년>
                <도로명>창경궁로</도로명>
                <도로명건물본번호코드>00265</도로명건물본번호코드>
                <도로명건물부번호코드>00000</도로명건물부번호코드>
                <도로명시군구코드>11110</도로명시군구코드>
                <도로명일련번호코드>07</도로명일련번호코드>
                <도로명지상지하코드>0</도로명지상지하코드>
                <도로명코드>3005008</도로명코드>
                <법정동>
                    명륜2가</법정동>
                <법정동본번코드>0004</법정동본번코드>
                <법정동부번코드>0000</법정동부번코드>
                <법정동시군구코드>11110</법정동시군구코드>
                <법정동읍면동코드>17100</법정동읍면동코드>
                <법정동지번코드>1</법정동지번코드>
                <아파트>아남1</아파트>
                <월>12</월>
                <일>1</일>
                <일련번호>11110-25</일련번호>
                <전용면적>84.8</전용면적>
                <지번>4</지번>
                <지역코드>11110</지역코드>
                <층>18</층>
            </item>
            <item>
                <거래금액>
                    52,000</거래금액>
                <건축년도>1995</건축년도>
                <년>2015</년>
                <도로명>창경궁로</도로명>
                <도로명건물본번호코드>00265</도로명건물본번호코드>
                <도로명건물부번호코드>00000</도로명건물부번호코드>
                <도로명시군구코드>11110</도로명시군구코드>
                <도로명일련번호코드>07</도로명일련번호코드>
                <도로명지상지하코드>0</도로명지상지하코드>
                <도로명코드>3005008</도로명코드>
                <법정동>
                    명륜2가</법정동>
                <법정동본번코드>0004</법정동본번코드>
                <법정동부번코드>0000</법정동부번코드>
                <법정동시군구코드>11110</법정동시군구코드>
                <법정동읍면동코드>17100</법정동읍면동코드>
                <법정동지번코드>1</법정동지번코드>
                <아파트>아남1</아파트>
                <월>12</월>
                <일>10</일>
                <일련번호>11110-25</일련번호>
                <전용면적>84.9</전용면적>
                <지번>4</지번>
                <지역코드>11110</지역코드>
                <층>12</층>
            </item>
        </items>
        <numOfRows>10</numOfRows>
        <pageNo>1</pageNo>
        <totalCount>49</totalCount>
    </body>
</response>