<?xml version="1.0" encoding="UTF-8" standalone="yes"?>
<response>
    <header>
        <resultCode>00</resultCode>
        <resultMsg>NORMAL SERVICE.</resultMsg>
    </header>
    <body>
        <items>
            <item>
                <건축년도>2002</건축년도>
                <년>2015</년>
                <법정동>
                    청운동</법정동>
                <보증금액>
                    45,000</보증금액>
                <연립다세대>아트빌</연립다세대>
                <월>12</월>
                <월세금액>
                    0</월세금액>
                <일>4</일>
                <전용면적>84.73</전용면적>
                <지번>89-5</지번>
                <지역코드>11110</지역코드>
                <층>1</층>
            </item>
            <item>
                <건축년도>1988</건축년도>
                <년>2015</년>
                <법정동>
                    청운동</법정동>
                <보증금액>
                    62,000</보증금액>
                <연립다세대>청운벽산빌리지</연립다세대>
                <월>12</월>
                <월세금액>
                    0</월세금액>
                <일>14</일>
                <전용면적>187.49</전용면적>
                <지번>1</지번>
                <지역코드>11110</지역코드>
                <층>1</층>
            </item>
            <item>
                <건축년도>2010</건축년도>
                <년>2015</년>
                <법정동>
                    청운동</법정동>
                <보증금액>
                    34,000</보증금액>
                <연립다세대>효산빌리지</연립다세대>
                <월>12</월>
                <월세금액>
                    0</월세금액>
                <일>18</일>
                <전용면적>65.59</전용면적>
                <지번>52-5</지번>
                <지역코드>11110</지역코드>
                <층>4</층>
            </item>
            <item>
                <건축년도>2007</건축년도>
                <년>2015</년>
                <법정동>
                    청운동</법정동>
                <보증금액>
                    35,000</보증금액>
                <연립다세대>MJ하이빌</연립다세대>
                <월>12</월>
                <월세금액>
                    0</월세금액>
                <일>22</일>
                <전용면적>74.97</전용면적>
                <지번>56-41</지번>
                <지역코드>11110</지역코드>
                <층>2</층>
            </item>
            <item>
                <건축년도>1988</건축년도>
                <년>2015</년>
                <법정동>
                    청운동</법정동>
                <보증금액>
                    45,000</보증금액>
                <연립다세대>청운벽산빌리지</연립다세대>
                <월>12</월>
                <월세금액>
                    0</월세금액>
                <일>29</일>
                <전용면적>141.39</전용면적>
                <지번>1</지번>
                <지역코드>11110</지역코드>
                <층>2</층>
            </item>
            <item>
                <건축년도>2002</건축년도>
                <년>2015</년>
                <법정동>
                    청운동</법정동>
                <보증금액>
                    48,000</보증금액>
                <연립다세대>아트빌</연립다세대>
                <월>12</월>
                <월세금액>
                    0</월세금액>
                <일>29</일>
                <전용면적>84.73</전용면적>
                <지번>89-5</지번>
                <지역코드>11110</지역코드>
                <층>3</층>
            </item>
            <item>
                <건축년도>1997</건축년도>
                <년>2015</년>
                <법정동>
                    신교동</법정동>
                <보증금액>
                    19,500</보증금액>
                <연립다세대>(24-0)</연립다세대>
                <월>12</월>
                <월세금액>
                    0</월세금액>
                <일>14</일>
                <전용면적>59.31</전용면적>
                <지번>24</지번>
                <지역코드>11110</지역코드>
                <층>2</층>
            </item>
            <item>
                <건축년도>1996</건축년도>
                <년>2015</년>
                <법정동>
                    신교동</법정동>
                <보증금액>
                    25,000</보증금액>
                <연립다세대>중앙빌라</연립다세대>
                <월>12</월>
                <월세금액>
                    0</월세금액>
                <일>24</일>
                <전용면적>51.98</전용면적>
                <지번>17-20</지번>
                <지역코드>11110</지역코드>
                <층>3</층>
            </item>
            <item>
                <건축년도>1996</건축년도>
                <년>2015</년>
                <법정동>
                    신교동</법정동>
                <보증금액>
                    2,000</보증금액>
                <연립다세대>(50-4)</연립다세대>
                <월>12</월>
                <월세금액>
                    110</월세금액>
                <일>24</일>
                <전용면적>58.83</전용면적>
                <지번>50-4</지번>
                <지역코드>11110</지역코드>
                <층>1</층>
            </item>
            <item>
                <건축년도>1998</건축년도>
                <년>2015</년>
                <법정동>
                    신교동</법정동>
                <보증금액>
                    12,000</보증금액>
                <연립다세대>(17-14)</연립다세대>
                <월>12</월>
                <월세금액>
                    30</월세금액>
                <일>25</일>
                <전용면적>47.04</전용면적>
                <지번>17-14</지번>
                <지역코드>11110</지역코드>
                <층>2</층>
            </item>
            <item>
                <건축년도>1997</건축년도>
                <년>2015</년>
                <법정동>
                    신교동</법정동>
                <보증금액>
                    19,500</보증금액>
                <연립다세대>(24-0)</연립다세대>
                <월>12</월>
                <월세금액>
                    0</월세금액>
                <일>31</일>
                <전용면적>59.31</전용면적>
                <지번>24</지번>
                <지역코드>11110</지역코드>
                <층>4</층>
            </item>
            <item>
                <건축년도>1997</건축년도>
                <년>2015</년>
                <법정동>
                    효자동</법정동>
                <보증금액>
                    25,000</보증금액>
                <연립다세대>성주빌라</연립다세대>
                <월>12</월>
                <월세금액>
                    0</월세금액>
                <일>29</일>
                <전용면적>158.91</전용면적>
                <지번>172-1</지번>
                <지역코드>11110</지역코드>
                <층>4</층>
            </item>
            <item>
                <건축년도>2013</건축년도>
                <년>2015</년>
                <법정동>
                    누상동</법정동>
                <보증금액>
                    36,000</보증금액>
                <연립다세대>(30-5)</연립다세대>
                <월>12</월>
                <월세금액>
                    0</월세금액>
                <일>1</일>
                <전용면적>59.83</전용면적>
                <지번>30-5</지번>
                <지역코드>11110</지역코드>
                <층>3</층>
            </item>
            <item>
                <건축년도>1997</건축년도>
                <년>2015</년>
                <법정동>
                    누상동</법정동>
                <보증금액>
                    9,000</보증금액>
                <연립다세대>누상그린빌라</연립다세대>
                <월>12</월>
                <월세금액>
                    10</월세금액>
                <일>1</일>
                <전용면적>51.66</전용면적>
                <지번>166-111</지번>
                <지역코드>11110</지역코드>
                <층>1</층>
            </item>
            <item>
                <건축년도>2001</건축년도>
                <년>2015</년>
                <법정동>
                    누상동</법정동>
                <보증금액>
                    6,800</보증금액>
                <연립다세대>코디골드빌102동</연립다세대>
                <월>12</월>
                <월세금액>
                    0</월세금액>
                <일>3</일>
                <전용면적>16.2</전용면적>
                <지번>159-12</지번>
                <지역코드>11110</지역코드>
                <층>1</층>
            </item>
            <item>
                <건축년도>2013</건축년도>
                <년>2015</년>
                <법정동>
                    누상동</법정동>
                <보증금액>
                    28,000</보증금액>
                <연립다세대>신원아트빌</연립다세대>
                <월>12</월>
                <월세금액>
                    0</월세금액>
                <일>4</일>
                <전용면적>58.51</전용면적>
                <지번>166-7</지번>
                <지역코드>11110</지역코드>
                <층>3</층>
            </item>
            <item>
                <건축년도>2002</건축년도>
                <년>2015</년>
                <법정동>
                    누상동</법정동>
                <보증금액>
                    35,000</보증금액>
                <연립다세대>렉스빌라6차</연립다세대>
                <월>12</월>
                <월세금액>
                    0</월세금액>
                <일>5</일>
                <전용면적>77.88</전용면적>
                <지번>148</지번>
                <지역코드>11110</지역코드>
                <층>2</층>
            </item>
            <item>
                <건축년도>2000</건축년도>
                <년>2015</년>
                <법정동>
                    누상동</법정동>
                <보증금액>
                    3,000</보증금액>
                <연립다세대>청마F동</연립다세대>
                <월>12</월>
                <월세금액>
                    45</월세금액>
                <일>8</일>
                <전용면적>34.65</전용면적>
                <지번>74</지번>
                <지역코드>11110</지역코드>
                <층>1</층>
            </item>
            <item>
                <건축년도>2006</건축년도>
                <년>2015</년>
                <법정동>
                    누상동</법정동>
                <보증금액>
                    30,000</보증금액>
                <연립다세대>(166-186)</연립다세대>
                <월>12</월>
                <월세금액>
                    0</월세금액>
                <일>11</일>
                <전용면적>84.87</전용면적>
                <지번>166-186</지번>
                <지역코드>11110</지역코드>
                <층>3</층>
            </item>
            <item>
                <건축년도>2007</건축년도>
                <년>2015</년>
                <법정동>
                    누상동</법정동>
                <보증금액>
                    31,000</보증금액>
                <연립다세대>해오름빌</연립다세대>
                <월>12</월>
                <월세금액>
                    0</월세금액>
                <일>16</일>
                <전용면적>65.66</전용면적>
                <지번>29-8</지번>
                <지역코드>11110</지역코드>
                <층>1</층>
            </item>
            <item>
                <건축년도>2001</건축년도>
                <년>2015</년>
                <법정동>
                    누상동</법정동>
                <보증금액>
                    22,000</보증금액>
                <연립다세대>인왕5차넥스빌</연립다세대>
                <월>12</월>
                <월세금액>
                    0</월세금액>
                <일>19</일>
                <전용면적>55.22</전용면적>
                <지번>166-169</지번>
                <지역코드>11110</지역코드>
                <층>2</층>
            </item>
            <item>
                <건축년도>2002</건축년도>
                <년>2015</년>
                <법정동>
                    누상동</법정동>
                <보증금액>
                    6,000</보증금액>
                <연립다세대>문화빌라</연립다세대>
                <월>12</월>
                <월세금액>
                    0</월세금액>
                <일>23</일>
                <전용면적>14.91</전용면적>
                <지번>139-1</지번>
                <지역코드>11110</지역코드>
                <층>3</층>
            </item>
            <item>
                <건축년도>2001</건축년도>
                <년>2015</년>
                <법정동>
                    누상동</법정동>
                <보증금액>
                    20,000</보증금액>
                <연립다세대>풍현빌라</연립다세대>
                <월>12</월>
                <월세금액>
                    0</월세금액>
                <일>24</일>
                <전용면적>59.78</전용면적>
                <지번>157-1</지번>
                <지역코드>11110</지역코드>
                <층>1</층>
            </item>
            <item>
                <건축년도>2002</건축년도>
                <년>2015</년>
                <법정동>
                    누상동</법정동>
                <보증금액>
                    7,000</보증금액>
                <연립다세대>97-9</연립다세대>
                <월>12</월>
                <월세금액>
                    50</월세금액>
                <일>26</일>
                <전용면적>56.79</전용면적>
                <지번>97-9</지번>
                <지역코드>11110</지역코드>
                <층>2</층>
            </item>
            <item>
                <건축년도>2000</건축년도>
                <년>2015</년>
                <법정동>
                    누상동</법정동>
                <보증금액>
                    15,000</보증금액>
                <연립다세대>청마F동</연립다세대>
                <월>12</월>
                <월세금액>
                    0</월세금액>
                <일>30</일>
                <전용면적>34.65</전용면적>
                <지번>74</지번>
                <지역코드>11110</지역코드>
                <층>3</층>
            </item>
            <item>
                <건축년도>2015</건축년도>
                <년>2015</년>
                <법정동>
                    누하동</법정동>
                <보증금액>
                    36,500</보증금액>
                <연립다세대>(92-0)</연립다세대>
                <월>12</월>
                <월세금액>
                    0</월세금액>
                <일>18</일>
                <전용면적>68.13</전용면적>
                <지번>92</지번>
                <지역코드>11110</지역코드>
                <층>2</층>
            </item>
            <item>
                <건축년도>1996</건축년도>
                <년>2015</년>
                <법정동>
                    옥인동</법정동>
                <보증금액>
                    13,000</보증금액>
                <연립다세대>시카코빌라</연립다세대>
                <월>12</월>
                <월세금액>
                    0</월세금액>
                <일>5</일>
                <전용면적>74.23</전용면적>
                <지번>178-32</지번>
                <지역코드>11110</지역코드>
                <층>3</층>
            </item>
            <item>
                <건축년도>1996</건축년도>
                <년>2015</년>
                <법정동>
                    옥인동</법정동>
                <보증금액>
                    12,000</보증금액>
                <연립다세대>시카코빌라</연립다세대>
                <월>12</월>
                <월세금액>
                    0</월세금액>
                <일>5</일>
                <전용면적>43.71</전용면적>
                <지번>178-32</지번>
                <지역코드>11110</지역코드>
                <층>3</층>
            </item>
            <item>
                <건축년도>1996</건축년도>
                <년>2015</년>
                <법정동>
                    옥인동</법정동>
                <보증금액>
                    18,000</보증금액>
                <연립다세대>형제빌라</연립다세대>
                <월>12</월>
                <월세금액>
                    0</월세금액>
                <일>16</일>
                <전용면적>38.91</전용면적>
                <지번>178-3</지번>
                <지역코드>11110</지역코드>
                <층>3</층>
            </item>
            <item>
                <건축년도>1996</건축년도>
                <년>2015</년>
                <법정동>
                    옥인동</법정동>
                <보증금액>
                    10,000</보증금액>
                <연립다세대>신혼빌라</연립다세대>
                <월>12</월>
                <월세금액>
                    10</월세금액>
                <일>22</일>
                <전용면적>46.15</전용면적>
                <지번>178-35</지번>
                <지역코드>11110</지역코드>
                <층>3</층>
            </item>
            <item>
                <건축년도>2001</건축년도>
                <년>2015</년>
                <법정동>
                    옥인동</법정동>
                <보증금액>
                    30,000</보증금액>
                <연립다세대>케이엠빌</연립다세대>
                <월>12</월>
                <월세금액>
                    0</월세금액>
                <일>29</일>
                <전용면적>82.55</전용면적>
                <지번>19-44</지번>
                <지역코드>11110</지역코드>
                <층>1</층>
            </item>
            <item>
                <건축년도>1989</건축년도>
                <년>2015</년>
                <법정동>
                    사직동</법정동>
                <보증금액>
                    8,000</보증금액>
                <연립다세대>사직타운71</연립다세대>
                <월>12</월>
                <월세금액>
                    0</월세금액>
                <일>4</일>
                <전용면적>41.16</전용면적>
                <지번>311-71</지번>
                <지역코드>11110</지역코드>
                <층>1</층>
            </item>
            <item>
                <건축년도>2002</건축년도>
                <년>2015</년>
                <법정동>
                    사직동</법정동>
                <보증금액>
                    6,000</보증금액>
                <연립다세대>코디골드빌</연립다세대>
                <월>12</월>
                <월세금액>
                    30</월세금액>
                <일>11</일>
                <전용면적>38.24</전용면적>
                <지번>262-120</지번>
                <지역코드>11110</지역코드>
                <층>3</층>
            </item>
            <item>
                <건축년도>1998</건축년도>
                <년>2015</년>
                <법정동>
                    원서동</법정동>
                <보증금액>
                    20,000</보증금액>
                <연립다세대>(86-24)</연립다세대>
                <월>12</월>
                <월세금액>
                    0</월세금액>
                <일>5</일>
                <전용면적>59.52</전용면적>
                <지번>86-24</지번>
                <지역코드>11110</지역코드>
                <층>2</층>
            </item>
            <item>
                <건축년도>1998</건축년도>
                <년>2015</년>
                <법정동>
                    원서동</법정동>
                <보증금액>
                    22,000</보증금액>
                <연립다세대>미래아트빌</연립다세대>
                <월>12</월>
                <월세금액>
                    0</월세금액>
                <일>12</일>
                <전용면적>59.22</전용면적>
                <지번>135-78</지번>
                <지역코드>11110</지역코드>
                <층>3</층>
            </item>
            <item>
                <건축년도>2001</건축년도>
                <년>2015</년>
                <법정동>
                    원서동</법정동>
                <보증금액>
                    1,000</보증금액>
                <연립다세대>엘빌라트</연립다세대>
                <월>12</월>
                <월세금액>
                    50</월세금액>
                <일>31</일>
                <전용면적>25.16</전용면적>
                <지번>76-50</지번>
                <지역코드>11110</지역코드>
                <층>3</층>
            </item>
            <item>
                <건축년도>2014</건축년도>
                <년>2015</년>
                <법정동>
                    이화동</법정동>
                <보증금액>
                    8,500</보증금액>
                <연립다세대>(28-10)</연립다세대>
                <월>12</월>
                <월세금액>
                    0</월세금액>
                <일>10</일>
                <전용면적>15.59</전용면적>
                <지번>28-10</지번>
                <지역코드>11110</지역코드>
                <층>2</층>
            </item>
            <item>
                <건축년도>2012</건축년도>
                <년>2015</년>
                <법정동>
                    이화동</법정동>
                <보증금액>
                    2,000</보증금액>
                <연립다세대>지호빌</연립다세대>
                <월>12</월>
                <월세금액>
                    45</월세금액>
                <일>15</일>
                <전용면적>15.48</전용면적>
                <지번>93-2</지번>
                <지역코드>11110</지역코드>
                <층>3</층>
            </item>
            <item>
                <건축년도>2014</건축년도>
                <년>2015</년>
                <법정동>
                    이화동</법정동>
                <보증금액>
                    4,000</보증금액>
                <연립다세대>(28-10)</연립다세대>
                <월>12</월>
                <월세금액>
                    0</월세금액>
                <일>22</일>
                <전용면적>16.69</전용면적>
                <지번>28-10</지번>
                <지역코드>11110</지역코드>
                <층>2</층>
            </item>
            <item>
                <건축년도>2012</건축년도>
                <년>2015</년>
                <법정동>
                    이화동</법정동>
                <보증금액>
                    5,000</보증금액>
                <연립다세대>지호빌</연립다세대>
                <월>12</월>
                <월세금액>
                    0</월세금액>
                <일>28</일>
                <전용면적>12.6</전용면적>
                <지번>93-2</지번>
                <지역코드>11110</지역코드>
                <층>3</층>
            </item>
            <item>
                <건축년도>1995</건축년도>
                <년>2015</년>
                <법정동>
                    연건동</법정동>
                <보증금액>
                    9,000</보증금액>
                <연립다세대>(81-1)</연립다세대>
                <월>12</월>
                <월세금액>
                    0</월세금액>
                <일>1</일>
                <전용면적>36.8</전용면적>
                <지번>81-1</지번>
                <지역코드>11110</지역코드>
                <층>3</층>
            </item>
            <item>
                <건축년도>1996</건축년도>
                <년>2015</년>
                <법정동>
                    연건동</법정동>
                <보증금액>
                    12,000</보증금액>
                <연립다세대>서울빌</연립다세대>
                <월>12</월>
                <월세금액>
                    10</월세금액>
                <일>8</일>
                <전용면적>45.75</전용면적>
                <지번>48-1</지번>
                <지역코드>11110</지역코드>
                <층>1</층>
            </item>
            <item>
                <건축년도>1998</건축년도>
                <년>2015</년>
                <법정동>
                    연건동</법정동>
                <보증금액>
                    7,000</보증금액>
                <연립다세대>(66-0)</연립다세대>
                <월>12</월>
                <월세금액>
                    0</월세금액>
                <일>9</일>
                <전용면적>59.97</전용면적>
                <지번>66</지번>
                <지역코드>11110</지역코드>
                <층>5</층>
            </item>
            <item>
                <건축년도>1999</건축년도>
                <년>2015</년>
                <법정동>
                    연건동</법정동>
                <보증금액>
                    8,000</보증금액>
                <연립다세대>(118-0)</연립다세대>
                <월>12</월>
                <월세금액>
                    20</월세금액>
                <일>10</일>
                <전용면적>51.96</전용면적>
                <지번>118</지번>
                <지역코드>11110</지역코드>
                <층>2</층>
            </item>
            <item>
                <건축년도>1996</건축년도>
                <년>2015</년>
                <법정동>
                    연건동</법정동>
                <보증금액>
                    2,000</보증금액>
                <연립다세대>(45-1)</연립다세대>
                <월>12</월>
                <월세금액>
                    80</월세금액>
                <일>15</일>
                <전용면적>38.68</전용면적>
                <지번>45-1</지번>
                <지역코드>11110</지역코드>
                <층>1</층>
            </item>
            <item>
                <건축년도>1995</건축년도>
                <년>2015</년>
                <법정동>
                    연건동</법정동>
                <보증금액>
                    9,000</보증금액>
                <연립다세대>(81-1)</연립다세대>
                <월>12</월>
                <월세금액>
                    0</월세금액>
                <일>19</일>
                <전용면적>30.53</전용면적>
                <지번>81-1</지번>
                <지역코드>11110</지역코드>
                <층>3</층>
            </item>
            <item>
                <건축년도>2000</건축년도>
                <년>2015</년>
                <법정동>
                    연건동</법정동>
                <보증금액>
                    3,500</보증금액>
                <연립다세대>(43-3)</연립다세대>
                <월>12</월>
                <월세금액>
                    40</월세금액>
                <일>22</일>
                <전용면적>27.77</전용면적>
                <지번>43-3</지번>
                <지역코드>11110</지역코드>
                <층>1</층>
            </item>
            <item>
                <건축년도>1994</건축년도>
                <년>2015</년>
                <법정동>
                    연건동</법정동>
                <보증금액>
                    15,000</보증금액>
                <연립다세대>(62-3)</연립다세대>
                <월>12</월>
                <월세금액>
                    0</월세금액>
                <일>26</일>
                <전용면적>37.06</전용면적>
                <지번>62-3</지번>
                <지역코드>11110</지역코드>
                <층>1</층>
            </item>
            <item>
                <건축년도>1998</건축년도>
                <년>2015</년>
                <법정동>
                    연건동</법정동>
                <보증금액>
                    4,000</보증금액>
                <연립다세대>(64-0)</연립다세대>
                <월>12</월>
                <월세금액>
                    30</월세금액>
                <일>28</일>
                <전용면적>17.13</전용면적>
                <지번>64</지번>
                <지역코드>11110</지역코드>
                <층>3</층>
            </item>
            <item>
                <건축년도>2000</건축년도>
                <년>2015</년>
                <법정동>
                    연건동</법정동>
                <보증금액>
                    2,000</보증금액>
                <연립다세대>(70-2)</연립다세대>
                <월>12</월>
                <월세금액>
                    45</월세금액>
                <일>28</일>
                <전용면적>19.65</전용면적>
                <지번>70-2</지번>
                <지역코드>11110</지역코드>
                <층>3</층>
            </item>
            <item>
                <건축년도>1997</건축년도>
                <년>2015</년>
                <법정동>
                    동숭동</법정동>
                <보증금액>
                    16,000</보증금액>
                <연립다세대>(6-15)</연립다세대>
                <월>12</월>
                <월세금액>
                    0</월세금액>
                <일>1</일>
                <전용면적>54.35</전용면적>
                <지번>6-15</지번>
                <지역코드>11110</지역코드>
                <층>4</층>
            </item>
            <item>
                <건축년도>2000</건축년도>
                <년>2015</년>
                <법정동>
                    동숭동</법정동>
                <보증금액>
                    6,000</보증금액>
                <연립다세대>(4-170)</연립다세대>
                <월>12</월>
                <월세금액>
                    0</월세금액>
                <일>7</일>
                <전용면적>28.34</전용면적>
                <지번>4-170</지번>
                <지역코드>11110</지역코드>
                <층>3</층>
            </item>
            <item>
                <건축년도>2003</건축년도>
                <년>2015</년>
                <법정동>
                    동숭동</법정동>
                <보증금액>
                    12,000</보증금액>
                <연립다세대>대보스위트빌(2-20)</연립다세대>
                <월>12</월>
                <월세금액>
                    15</월세금액>
                <일>8</일>
                <전용면적>39.06</전용면적>
                <지번>2-20</지번>
                <지역코드>11110</지역코드>
                <층>1</층>
            </item>
            <item>
                <건축년도>1994</건축년도>
                <년>2015</년>
                <법정동>
                    동숭동</법정동>
                <보증금액>
                    12,300</보증금액>
                <연립다세대>(2-1)</연립다세대>
                <월>12</월>
                <월세금액>
                    0</월세금액>
                <일>9</일>
                <전용면적>53.94</전용면적>
                <지번>2-1</지번>
                <지역코드>11110</지역코드>
            </item>
            <item>
                <건축년도>2003</건축년도>
                <년>2015</년>
                <법정동>
                    혜화동</법정동>
                <보증금액>
                    20,000</보증금액>
                <연립다세대>이지빌</연립다세대>
                <월>12</월>
                <월세금액>
                    0</월세금액>
                <일>4</일>
                <전용면적>63.12</전용면적>
                <지번>10-19</지번>
                <지역코드>11110</지역코드>
                <층>4</층>
            </item>
            <item>
                <건축년도>2003</건축년도>
                <년>2015</년>
                <법정동>
                    혜화동</법정동>
                <보증금액>
                    18,000</보증금액>
                <연립다세대>이지빌</연립다세대>
                <월>12</월>
                <월세금액>
                    0</월세금액>
                <일>10</일>
                <전용면적>63.12</전용면적>
                <지번>10-19</지번>
                <지역코드>11110</지역코드>
                <층>4</층>
            </item>
            <item>
                <건축년도>1994</건축년도>
                <년>2015</년>
                <법정동>
                    혜화동</법정동>
                <보증금액>
                    18,000</보증금액>
                <연립다세대>드림하이츠</연립다세대>
                <월>12</월>
                <월세금액>
                    0</월세금액>
                <일>15</일>
                <전용면적>54.63</전용면적>
                <지번>6-20</지번>
                <지역코드>11110</지역코드>
            </item>
            <item>
                <건축년도>1997</건축년도>
                <년>2015</년>
                <법정동>
                    혜화동</법정동>
                <보증금액>
                    25,000</보증금액>
                <연립다세대>(15-19)</연립다세대>
                <월>12</월>
                <월세금액>
                    0</월세금액>
                <일>15</일>
                <전용면적>62.19</전용면적>
                <지번>15-19</지번>
                <지역코드>11110</지역코드>
                <층>1</층>
            </item>
            <item>
                <건축년도>1996</건축년도>
                <년>2015</년>
                <법정동>
                    혜화동</법정동>
                <보증금액>
                    20,000</보증금액>
                <연립다세대>(26-1)</연립다세대>
                <월>12</월>
                <월세금액>
                    0</월세금액>
                <일>31</일>
                <전용면적>55.35</전용면적>
                <지번>26-1</지번>
                <지역코드>11110</지역코드>
                <층>1</층>
            </item>
            <item>
                <건축년도>2015</건축년도>
                <년>2015</년>
                <법정동>
                    명륜1가</법정동>
                <보증금액>
                    3,000</보증금액>
                <연립다세대>에코하임</연립다세대>
                <월>12</월>
                <월세금액>
                    100</월세금액>
                <일>1</일>
                <전용면적>45.47</전용면적>
                <지번>7-14</지번>
                <지역코드>11110</지역코드>
                <층>2</층>
            </item>
            <item>
                <건축년도>2015</건축년도>
                <년>2015</년>
                <법정동>
                    명륜1가</법정동>
                <보증금액>
                    33,000</보증금액>
                <연립다세대>에코하임</연립다세대>
                <월>12</월>
                <월세금액>
                    0</월세금액>
                <일>1</일>
                <전용면적>51.65</전용면적>
                <지번>7-14</지번>
                <지역코드>11110</지역코드>
                <층>3</층>
            </item>
            <item>
                <건축년도>2015</건축년도>
                <년>2015</년>
                <법정동>
                    명륜1가</법정동>
                <보증금액>
                    30,000</보증금액>
                <연립다세대>에코하임</연립다세대>
                <월>12</월>
                <월세금액>
                    0</월세금액>
                <일>5</일>
                <전용면적>34.07</전용면적>
                <지번>7-14</지번>
                <지역코드>11110</지역코드>
                <층>4</층>
            </item>
            <item>
                <건축년도>2013</건축년도>
                <년>2015</년>
                <법정동>
                    명륜1가</법정동>
                <보증금액>
                    1,000</보증금액>
                <연립다세대>(33-17)</연립다세대>
                <월>12</월>
                <월세금액>
                    60</월세금액>
                <일>7</일>
                <전용면적>17.28</전용면적>
                <지번>33-17</지번>
                <지역코드>11110</지역코드>
                <층>1</층>
            </item>
            <item>
                <건축년도>2002</건축년도>
                <년>2015</년>
                <법정동>
                    명륜1가</법정동>
                <보증금액>
                    8,000</보증금액>
                <연립다세대>(90-4)</연립다세대>
                <월>12</월>
                <월세금액>
                    0</월세금액>
                <일>7</일>
                <전용면적>53.91</전용면적>
                <지번>90-4</지번>
                <지역코드>11110</지역코드>
                <층>1</층>
            </item>
            <item>
                <건축년도>2008</건축년도>
                <년>2015</년>
                <법정동>
                    명륜1가</법정동>
                <보증금액>
                    27,000</보증금액>
                <연립다세대>VIP맨션</연립다세대>
                <월>12</월>
                <월세금액>
                    0</월세금액>
                <일>8</일>
                <전용면적>60.82</전용면적>
                <지번>58-12</지번>
                <지역코드>11110</지역코드>
                <층>2</층>
            </item>
            <item>
                <건축년도>2014</건축년도>
                <년>2015</년>
                <법정동>
                    명륜1가</법정동>
                <보증금액>
                    25,000</보증금액>
                <연립다세대>아미레스</연립다세대>
                <월>12</월>
                <월세금액>
                    0</월세금액>
                <일>11</일>
                <전용면적>51.2</전용면적>
                <지번>5-17</지번>
                <지역코드>11110</지역코드>
                <층>4</층>
            </item>
            <item>
                <건축년도>2015</건축년도>
                <년>2015</년>
                <법정동>
                    명륜1가</법정동>
                <보증금액>
                    22,000</보증금액>
                <연립다세대>(31-21)</연립다세대>
                <월>12</월>
                <월세금액>
                    0</월세금액>
                <일>11</일>
                <전용면적>34.52</전용면적>
                <지번>31-21</지번>
                <지역코드>11110</지역코드>
                <층>4</층>
            </item>
            <item>
                <건축년도>2015</건축년도>
                <년>2015</년>
                <법정동>
                    명륜1가</법정동>
                <보증금액>
                    30,000</보증금액>
                <연립다세대>(31-21)</연립다세대>
                <월>12</월>
                <월세금액>
                    0</월세금액>
                <일>14</일>
                <전용면적>51.7</전용면적>
                <지번>31-21</지번>
                <지역코드>11110</지역코드>
                <층>3</층>
            </item>
            <item>
                <건축년도>2008</건축년도>
                <년>2015</년>
                <법정동>
                    명륜1가</법정동>
                <보증금액>
                    31,500</보증금액>
                <연립다세대>명륜쉐르빌(B동)</연립다세대>
                <월>12</월>
                <월세금액>
                    0</월세금액>
                <일>16</일>
                <전용면적>69.72</전용면적>
                <지번>23-17</지번>
                <지역코드>11110</지역코드>
                <층>2</층>
            </item>
            <item>
                <건축년도>2014</건축년도>
                <년>2015</년>
                <법정동>
                    명륜1가</법정동>
                <보증금액>
                    23,000</보증금액>
                <연립다세대>HK HOUSE</연립다세대>
                <월>12</월>
                <월세금액>
                    15</월세금액>
                <일>16</일>
                <전용면적>29.22</전용면적>
                <지번>33-8</지번>
                <지역코드>11110</지역코드>
                <층>2</층>
            </item>
            <item>
                <건축년도>2014</건축년도>
                <년>2015</년>
                <법정동>
                    명륜1가</법정동>
                <보증금액>
                    9,000</보증금액>
                <연립다세대>(7-27)</연립다세대>
                <월>12</월>
                <월세금액>
                    0</월세금액>
                <일>18</일>
                <전용면적>19.58</전용면적>
                <지번>7-27</지번>
                <지역코드>11110</지역코드>
                <층>2</층>
            </item>
            <item>
                <건축년도>2015</건축년도>
                <년>2015</년>
                <법정동>
                    명륜1가</법정동>
                <보증금액>
                    29,800</보증금액>
                <연립다세대>(31-21)</연립다세대>
                <월>12</월>
                <월세금액>
                    0</월세금액>
                <일>21</일>
                <전용면적>51.7</전용면적>
                <지번>31-21</지번>
                <지역코드>11110</지역코드>
                <층>2</층>
            </item>
            <item>
                <건축년도>2002</건축년도>
                <년>2015</년>
                <법정동>
                    명륜1가</법정동>
                <보증금액>
                    6,500</보증금액>
                <연립다세대>(90-4)</연립다세대>
                <월>12</월>
                <월세금액>
                    0</월세금액>
                <일>27</일>
                <전용면적>53.91</전용면적>
                <지번>90-4</지번>
                <지역코드>11110</지역코드>
                <층>1</층>
            </item>
            <item>
                <건축년도>2015</건축년도>
                <년>2015</년>
                <법정동>
                    명륜1가</법정동>
                <보증금액>
                    10,000</보증금액>
                <연립다세대>프렌즈하우스</연립다세대>
                <월>12</월>
                <월세금액>
                    0</월세금액>
                <일>30</일>
                <전용면적>18.65</전용면적>
                <지번>33-15</지번>
                <지역코드>11110</지역코드>
                <층>3</층>
            </item>
            <item>
                <건축년도>2001</건축년도>
                <년>2015</년>
                <법정동>
                    명륜2가</법정동>
                <보증금액>
                    4,000</보증금액>
                <연립다세대>(61-0)</연립다세대>
                <월>12</월>
                <월세금액>
                    30</월세금액>
                <일>22</일>
                <전용면적>23.59</전용면적>
                <지번>61</지번>
                <지역코드>11110</지역코드>
                <층>5</층>
            </item>
            <item>
                <건축년도>2007</건축년도>
                <년>2015</년>
                <법정동>
                    명륜2가</법정동>
                <보증금액>
                    5,000</보증금액>
                <연립다세대>수정빌</연립다세대>
                <월>12</월>
                <월세금액>
                    60</월세금액>
                <일>29</일>
                <전용면적>71.19</전용면적>
                <지번>94-4</지번>
                <지역코드>11110</지역코드>
                <층>3</층>
            </item>
            <item>
                <건축년도>2013</건축년도>
                <년>2015</년>
                <법정동>
                    명륜4가</법정동>
                <보증금액>
                    1,000</보증금액>
                <연립다세대>유빌리지</연립다세대>
                <월>12</월>
                <월세금액>
                    70</월세금액>
                <일>5</일>
                <전용면적>23.81</전용면적>
                <지번>206-2</지번>
                <지역코드>11110</지역코드>
                <층>3</층>
            </item>
            <item>
                <건축년도>2003</건축년도>
                <년>2015</년>
                <법정동>
                    명륜4가</법정동>
                <보증금액>
                    4,000</보증금액>
                <연립다세대>(154-16)</연립다세대>
                <월>12</월>
                <월세금액>
                    90</월세금액>
                <일>28</일>
                <전용면적>41.55</전용면적>
                <지번>154-16</지번>
                <지역코드>11110</지역코드>
                <층>2</층>
            </item>
            <item>
                <건축년도>2013</건축년도>
                <년>2015</년>
                <법정동>
                    명륜4가</법정동>
                <보증금액>
                    1,000</보증금액>
                <연립다세대>유빌리지</연립다세대>
                <월>12</월>
                <월세금액>
                    70</월세금액>
                <일>29</일>
                <전용면적>23.71</전용면적>
                <지번>206-2</지번>
                <지역코드>11110</지역코드>
                <층>3</층>
            </item>
            <item>
                <건축년도>2003</건축년도>
                <년>2015</년>
                <법정동>
                    명륜3가</법정동>
                <보증금액>
                    20,000</보증금액>
                <연립다세대>명성빌라</연립다세대>
                <월>12</월>
                <월세금액>
                    30</월세금액>
                <일>4</일>
                <전용면적>74.88</전용면적>
                <지번>23</지번>
                <지역코드>11110</지역코드>
                <층>3</층>
            </item>
            <item>
                <건축년도>1997</건축년도>
                <년>2015</년>
                <법정동>
                    명륜3가</법정동>
                <보증금액>
                    3,000</보증금액>
                <연립다세대>(1-53)</연립다세대>
                <월>12</월>
                <월세금액>
                    50</월세금액>
                <일>7</일>
                <전용면적>47.58</전용면적>
                <지번>1-53</지번>
                <지역코드>11110</지역코드>
                <층>3</층>
            </item>
            <item>
                <건축년도>1997</건축년도>
                <년>2015</년>
                <법정동>
                    명륜3가</법정동>
                <보증금액>
                    15,000</보증금액>
                <연립다세대>(1-76)</연립다세대>
                <월>12</월>
                <월세금액>
                    0</월세금액>
                <일>15</일>
                <전용면적>46.05</전용면적>
                <지번>1-76</지번>
                <지역코드>11110</지역코드>
                <층>2</층>
            </item>
            <item>
                <건축년도>2003</건축년도>
                <년>2015</년>
                <법정동>
                    명륜3가</법정동>
                <보증금액>
                    4,000</보증금액>
                <연립다세대>(1-200)</연립다세대>
                <월>12</월>
                <월세금액>
                    30</월세금액>
                <일>20</일>
                <전용면적>20.16</전용면적>
                <지번>1-200</지번>
                <지역코드>11110</지역코드>
                <층>3</층>
            </item>
            <item>
                <건축년도>2005</건축년도>
                <년>2015</년>
                <법정동>
                    명륜3가</법정동>
                <보증금액>
                    7,000</보증금액>
                <연립다세대>(1-265)</연립다세대>
                <월>12</월>
                <월세금액>
                    10</월세금액>
                <일>21</일>
                <전용면적>23.25</전용면적>
                <지번>1-265</지번>
                <지역코드>11110</지역코드>
                <층>3</층>
            </item>
            <item>
                <건축년도>1996</건축년도>
                <년>2015</년>
                <법정동>
                    명륜3가</법정동>
                <보증금액>
                    1,000</보증금액>
                <연립다세대>(1-89)</연립다세대>
                <월>12</월>
                <월세금액>
                    45</월세금액>
                <일>29</일>
                <전용면적>20.16</전용면적>
                <지번>1-89</지번>
                <지역코드>11110</지역코드>
                <층>1</층>
            </item>
            <item>
                <건축년도>1989</건축년도>
                <년>2015</년>
                <법정동>
                    창신동</법정동>
                <보증금액>
                    4,000</보증금액>
                <연립다세대>(619-2)</연립다세대>
                <월>12</월>
                <월세금액>
                    0</월세금액>
                <일>7</일>
                <전용면적>40.75</전용면적>
                <지번>619-2</지번>
                <지역코드>11110</지역코드>
                <층>1</층>
            </item>
            <item>
                <건축년도>2001</건축년도>
                <년>2015</년>
                <법정동>
                    창신동</법정동>
                <보증금액>
                    10,000</보증금액>
                <연립다세대>(640-264)</연립다세대>
                <월>12</월>
                <월세금액>
                    0</월세금액>
                <일>10</일>
                <전용면적>36.1</전용면적>
                <지번>640-264</지번>
                <지역코드>11110</지역코드>
                <층>1</층>
            </item>
            <item>
                <건축년도>1998</건축년도>
                <년>2015</년>
                <법정동>
                    창신동</법정동>
                <보증금액>
                    10,000</보증금액>
                <연립다세대>(616-2)</연립다세대>
                <월>12</월>
                <월세금액>
                    0</월세금액>
                <일>12</일>
                <전용면적>54.09</전용면적>
                <지번>616-2</지번>
                <지역코드>11110</지역코드>
                <층>4</층>
            </item>
            <item>
                <건축년도>1995</건축년도>
                <년>2015</년>
                <법정동>
                    창신동</법정동>
                <보증금액>
                    2,000</보증금액>
                <연립다세대>(629-68)</연립다세대>
                <월>12</월>
                <월세금액>
                    50</월세금액>
                <일>17</일>
                <전용면적>59.78</전용면적>
                <지번>629-68</지번>
                <지역코드>11110</지역코드>
                <층>1</층>
            </item>
            <item>
                <건축년도>1963</건축년도>
                <년>2015</년>
                <법정동>
                    창신동</법정동>
                <보증금액>
                    7,000</보증금액>
                <연립다세대>창신 B,C동(23-814)</연립다세대>
                <월>12</월>
                <월세금액>
                    0</월세금액>
                <일>22</일>
                <전용면적>42.14</전용면적>
                <지번>23-814</지번>
                <지역코드>11110</지역코드>
            </item>
            <item>
                <건축년도>1999</건축년도>
                <년>2015</년>
                <법정동>
                    창신동</법정동>
                <보증금액>
                    1,000</보증금액>
                <연립다세대>장미주택</연립다세대>
                <월>12</월>
                <월세금액>
                    50</월세금액>
                <일>24</일>
                <전용면적>42.12</전용면적>
                <지번>623-1</지번>
                <지역코드>11110</지역코드>
                <층>3</층>
            </item>
            <item>
                <건축년도>2000</건축년도>
                <년>2015</년>
                <법정동>
                    창신동</법정동>
                <보증금액>
                    3,000</보증금액>
                <연립다세대>(660-12)</연립다세대>
                <월>12</월>
                <월세금액>
                    45</월세금액>
                <일>30</일>
                <전용면적>37.76</전용면적>
                <지번>660-12</지번>
                <지역코드>11110</지역코드>
                <층>2</층>
            </item>
            <item>
                <건축년도>2000</건축년도>
                <년>2015</년>
                <법정동>
                    숭인동</법정동>
                <보증금액>
                    2,000</보증금액>
                <연립다세대>월드투룸</연립다세대>
                <월>12</월>
                <월세금액>
                    45</월세금액>
                <일>7</일>
                <전용면적>36.01</전용면적>
                <지번>181-179</지번>
                <지역코드>11110</지역코드>
                <층>4</층>
            </item>
            <item>
                <건축년도>2000</건축년도>
                <년>2015</년>
                <법정동>
                    숭인동</법정동>
                <보증금액>
                    15,000</보증금액>
                <연립다세대>우영빌라</연립다세대>
                <월>12</월>
                <월세금액>
                    0</월세금액>
                <일>16</일>
                <전용면적>52.84</전용면적>
                <지번>181-71</지번>
                <지역코드>11110</지역코드>
                <층>2</층>
            </item>
            <item>
                <건축년도>2012</건축년도>
                <년>2015</년>
                <법정동>
                    숭인동</법정동>
                <보증금액>
                    2,000</보증금액>
                <연립다세대>(317-21)</연립다세대>
                <월>12</월>
                <월세금액>
                    45</월세금액>
                <일>17</일>
                <전용면적>15.05</전용면적>
                <지번>317-21</지번>
                <지역코드>11110</지역코드>
                <층>4</층>
            </item>
            <item>
                <건축년도>2007</건축년도>
                <년>2015</년>
                <법정동>
                    숭인동</법정동>
                <보증금액>
                    21,000</보증금액>
                <연립다세대>천지인빌비동</연립다세대>
                <월>12</월>
                <월세금액>
                    0</월세금액>
                <일>17</일>
                <전용면적>65.34</전용면적>
                <지번>668-2</지번>
                <지역코드>11110</지역코드>
                <층>4</층>
            </item>
            <item>
                <건축년도>2002</건축년도>
                <년>2015</년>
                <법정동>
                    숭인동</법정동>
                <보증금액>
                    3,000</보증금액>
                <연립다세대>한서아트빌A</연립다세대>
                <월>12</월>
                <월세금액>
                    50</월세금액>
                <일>21</일>
                <전용면적>50.4</전용면적>
                <지번>646</지번>
                <지역코드>11110</지역코드>
            </item>
            <item>
                <건축년도>2002</건축년도>
                <년>2015</년>
                <법정동>
                    숭인동</법정동>
                <보증금액>
                    19,500</보증금액>
                <연립다세대>삼성타운</연립다세대>
                <월>12</월>
                <월세금액>
                    0</월세금액>
                <일>24</일>
                <전용면적>55.68</전용면적>
                <지번>518</지번>
                <지역코드>11110</지역코드>
                <층>3</층>
            </item>
            <item>
                <건축년도>2002</건축년도>
                <년>2015</년>
                <법정동>
                    숭인동</법정동>
                <보증금액>
                    1,500</보증금액>
                <연립다세대>다복빌라트</연립다세대>
                <월>12</월>
                <월세금액>
                    50</월세금액>
                <일>26</일>
                <전용면적>38.6</전용면적>
                <지번>814-11</지번>
                <지역코드>11110</지역코드>
                <층>1</층>
            </item>
            <item>
                <건축년도>2003</건축년도>
                <년>2015</년>
                <법정동>
                    숭인동</법정동>
                <보증금액>
                    8,000</보증금액>
                <연립다세대>카라하우스</연립다세대>
                <월>12</월>
                <월세금액>
                    0</월세금액>
                <일>28</일>
                <전용면적>29.37</전용면적>
                <지번>179-12</지번>
                <지역코드>11110</지역코드>
                <층>4</층>
            </item>
            <item>
                <건축년도>2002</건축년도>
                <년>2015</년>
                <법정동>
                    행촌동</법정동>
                <보증금액>
                    5,500</보증금액>
                <연립다세대>(210-380)</연립다세대>
                <월>12</월>
                <월세금액>
                    0</월세금액>
                <일>1</일>
                <전용면적>37.15</전용면적>
                <지번>210-380</지번>
                <지역코드>11110</지역코드>
                <층>1</층>
            </item>
            <item>
                <건축년도>1999</건축년도>
                <년>2015</년>
                <법정동>
                    행촌동</법정동>
                <보증금액>
                    11,000</보증금액>
                <연립다세대>(1-3)</연립다세대>
                <월>12</월>
                <월세금액>
                    0</월세금액>
                <일>3</일>
                <전용면적>58.49</전용면적>
                <지번>1-3</지번>
                <지역코드>11110</지역코드>
                <층>2</층>
            </item>
            <item>
                <건축년도>1999</건축년도>
                <년>2015</년>
                <법정동>
                    행촌동</법정동>
                <보증금액>
                    16,000</보증금액>
                <연립다세대>(1-3)</연립다세대>
                <월>12</월>
                <월세금액>
                    0</월세금액>
                <일>23</일>
                <전용면적>58.49</전용면적>
                <지번>1-3</지번>
                <지역코드>11110</지역코드>
                <층>3</층>
            </item>
            <item>
                <건축년도>2001</건축년도>
                <년>2015</년>
                <법정동>
                    행촌동</법정동>
                <보증금액>
                    9,000</보증금액>
                <연립다세대>삼성아트빌</연립다세대>
                <월>12</월>
                <월세금액>
                    17</월세금액>
                <일>29</일>
                <전용면적>43.43</전용면적>
                <지번>171-51</지번>
                <지역코드>11110</지역코드>
                <층>1</층>
            </item>
            <item>
                <건축년도>1986</건축년도>
                <년>2015</년>
                <법정동>
                    구기동</법정동>
                <보증금액>
                    32,000</보증금액>
                <연립다세대>현대구기빌라</연립다세대>
                <월>12</월>
                <월세금액>
                    0</월세금액>
                <일>4</일>
                <전용면적>84.18</전용면적>
                <지번>130</지번>
                <지역코드>11110</지역코드>
                <층>2</층>
            </item>
            <item>
                <건축년도>1997</건축년도>
                <년>2015</년>
                <법정동>
                    구기동</법정동>
                <보증금액>
                    30,000</보증금액>
                <연립다세대>청구빌라</연립다세대>
                <월>12</월>
                <월세금액>
                    0</월세금액>
                <일>8</일>
                <전용면적>84.72</전용면적>
                <지번>266</지번>
                <지역코드>11110</지역코드>
                <층>2</층>
            </item>
            <item>
                <건축년도>1996</건축년도>
                <년>2015</년>
                <법정동>
                    구기동</법정동>
                <보증금액>
                    37,000</보증금액>
                <연립다세대>동익빌라</연립다세대>
                <월>12</월>
                <월세금액>
                    0</월세금액>
                <일>9</일>
                <전용면적>144.33</전용면적>
                <지번>40</지번>
                <지역코드>11110</지역코드>
                <층>2</층>
            </item>
            <item>
                <건축년도>1997</건축년도>
                <년>2015</년>
                <법정동>
                    구기동</법정동>
                <보증금액>
                    47,000</보증금액>
                <연립다세대>동익빌라</연립다세대>
                <월>12</월>
                <월세금액>
                    0</월세금액>
                <일>14</일>
                <전용면적>144.33</전용면적>
                <지번>40</지번>
                <지역코드>11110</지역코드>
                <층>3</층>
            </item>
            <item>
                <건축년도>1995</건축년도>
                <년>2015</년>
                <법정동>
                    구기동</법정동>
                <보증금액>
                    60,000</보증금액>
                <연립다세대>현대빌라(2차)</연립다세대>
                <월>12</월>
                <월세금액>
                    0</월세금액>
                <일>14</일>
                <전용면적>200.79</전용면적>
                <지번>150-1</지번>
                <지역코드>11110</지역코드>
                <층>3</층>
            </item>
            <item>
                <건축년도>1997</건축년도>
                <년>2015</년>
                <법정동>
                    구기동</법정동>
                <보증금액>
                    65,000</보증금액>
                <연립다세대>건덕빌라(8동)</연립다세대>
                <월>12</월>
                <월세금액>
                    0</월세금액>
                <일>23</일>
                <전용면적>196.94</전용면적>
                <지번>166</지번>
                <지역코드>11110</지역코드>
                <층>3</층>
            </item>
            <item>
                <건축년도>1997</건축년도>
                <년>2015</년>
                <법정동>
                    구기동</법정동>
                <보증금액>
                    45,000</보증금액>
                <연립다세대>청구빌라</연립다세대>
                <월>12</월>
                <월세금액>
                    0</월세금액>
                <일>28</일>
                <전용면적>134.41</전용면적>
                <지번>266</지번>
                <지역코드>11110</지역코드>
                <층>1</층>
            </item>
            <item>
                <건축년도>1991</건축년도>
                <년>2015</년>
                <법정동>
                    구기동</법정동>
                <보증금액>
                    2,000</보증금액>
                <연립다세대>조형빌라</연립다세대>
                <월>12</월>
                <월세금액>
                    100</월세금액>
                <일>28</일>
                <전용면적>222.66</전용면적>
                <지번>85-1</지번>
                <지역코드>11110</지역코드>
                <층>1</층>
            </item>
            <item>
                <건축년도>1996</건축년도>
                <년>2015</년>
                <법정동>
                    구기동</법정동>
                <보증금액>
                    32,000</보증금액>
                <연립다세대>동익빌라</연립다세대>
                <월>12</월>
                <월세금액>
                    0</월세금액>
                <일>31</일>
                <전용면적>84.84</전용면적>
                <지번>40</지번>
                <지역코드>11110</지역코드>
                <층>1</층>
            </item>
            <item>
                <건축년도>1986</건축년도>
                <년>2015</년>
                <법정동>
                    평창동</법정동>
                <보증금액>
                    33,000</보증금액>
                <연립다세대>럭키평창빌라</연립다세대>
                <월>12</월>
                <월세금액>
                    0</월세금액>
                <일>4</일>
                <전용면적>84.63</전용면적>
                <지번>329-2</지번>
                <지역코드>11110</지역코드>
                <층>2</층>
            </item>
            <item>
                <건축년도>1992</건축년도>
                <년>2015</년>
                <법정동>
                    평창동</법정동>
                <보증금액>
                    32,000</보증금액>
                <연립다세대>금강주택</연립다세대>
                <월>12</월>
                <월세금액>
                    0</월세금액>
                <일>6</일>
                <전용면적>84.95</전용면적>
                <지번>170</지번>
                <지역코드>11110</지역코드>
                <층>3</층>
            </item>
            <item>
                <건축년도>1996</건축년도>
                <년>2015</년>
                <법정동>
                    평창동</법정동>
                <보증금액>
                    8,000</보증금액>
                <연립다세대>동우빌라</연립다세대>
                <월>12</월>
                <월세금액>
                    90</월세금액>
                <일>7</일>
                <전용면적>79.97</전용면적>
                <지번>66</지번>
                <지역코드>11110</지역코드>
                <층>2</층>
            </item>
            <item>
                <건축년도>1992</건축년도>
                <년>2015</년>
                <법정동>
                    평창동</법정동>
                <보증금액>
                    20,000</보증금액>
                <연립다세대>안성빌라(A동)</연립다세대>
                <월>12</월>
                <월세금액>
                    100</월세금액>
                <일>7</일>
                <전용면적>84.56</전용면적>
                <지번>274-7</지번>
                <지역코드>11110</지역코드>
                <층>3</층>
            </item>
            <item>
                <건축년도>2001</건축년도>
                <년>2015</년>
                <법정동>
                    평창동</법정동>
                <보증금액>
                    5,000</보증금액>
                <연립다세대>(471-7)</연립다세대>
                <월>12</월>
                <월세금액>
                    160</월세금액>
                <일>10</일>
                <전용면적>122.42</전용면적>
                <지번>471-7</지번>
                <지역코드>11110</지역코드>
                <층>2</층>
            </item>
            <item>
                <건축년도>1986</건축년도>
                <년>2015</년>
                <법정동>
                    평창동</법정동>
                <보증금액>
                    30,000</보증금액>
                <연립다세대>현대평창빌라</연립다세대>
                <월>12</월>
                <월세금액>
                    0</월세금액>
                <일>11</일>
                <전용면적>84.69</전용면적>
                <지번>176</지번>
                <지역코드>11110</지역코드>
                <층>3</층>
            </item>
            <item>
                <건축년도>2013</건축년도>
                <년>2015</년>
                <법정동>
                    평창동</법정동>
                <보증금액>
                    8,000</보증금액>
                <연립다세대>(211-4)</연립다세대>
                <월>12</월>
                <월세금액>
                    36</월세금액>
                <일>12</일>
                <전용면적>26.17</전용면적>
                <지번>211-4</지번>
                <지역코드>11110</지역코드>
                <층>3</층>
            </item>
            <item>
                <건축년도>1989</건축년도>
                <년>2015</년>
                <법정동>
                    평창동</법정동>
                <보증금액>
                    18,000</보증금액>
                <연립다세대>금강하이츠빌라</연립다세대>
                <월>12</월>
                <월세금액>
                    0</월세금액>
                <일>18</일>
                <전용면적>56.32</전용면적>
                <지번>64-3</지번>
                <지역코드>11110</지역코드>
                <층>3</층>
            </item>
            <item>
                <건축년도>1992</건축년도>
                <년>2015</년>
                <법정동>
                    평창동</법정동>
                <보증금액>
                    15,000</보증금액>
                <연립다세대>금강주택</연립다세대>
                <월>12</월>
                <월세금액>
                    0</월세금액>
                <일>18</일>
                <전용면적>84.95</전용면적>
                <지번>170</지번>
                <지역코드>11110</지역코드>
                <층>1</층>
            </item>
            <item>
                <건축년도>1979</건축년도>
                <년>2015</년>
                <법정동>
                    평창동</법정동>
                <보증금액>
                    30,000</보증금액>
                <연립다세대>럭키빌라(E동)</연립다세대>
                <월>12</월>
                <월세금액>
                    30</월세금액>
                <일>22</일>
                <전용면적>112.56</전용면적>
                <지번>175-18</지번>
                <지역코드>11110</지역코드>
                <층>1</층>
            </item>
            <item>
                <건축년도>2004</건축년도>
                <년>2015</년>
                <법정동>
                    평창동</법정동>
                <보증금액>
                    30,000</보증금액>
                <연립다세대>(275-7)</연립다세대>
                <월>12</월>
                <월세금액>
                    0</월세금액>
                <일>24</일>
                <전용면적>82.88</전용면적>
                <지번>275-7</지번>
                <지역코드>11110</지역코드>
                <층>2</층>
            </item>
            <item>
                <건축년도>1996</건축년도>
                <년>2015</년>
                <법정동>
                    평창동</법정동>
                <보증금액>
                    2,500</보증금액>
                <연립다세대>동우빌라</연립다세대>
                <월>12</월>
                <월세금액>
                    100</월세금액>
                <일>29</일>
                <전용면적>83.3</전용면적>
                <지번>66</지번>
                <지역코드>11110</지역코드>
                <층>1</층>
            </item>
            <item>
                <건축년도>1986</건축년도>
                <년>2015</년>
                <법정동>
                    평창동</법정동>
                <보증금액>
                    23,000</보증금액>
                <연립다세대>럭키평창빌라</연립다세대>
                <월>12</월>
                <월세금액>
                    0</월세금액>
                <일>30</일>
                <전용면적>73.02</전용면적>
                <지번>329-2</지번>
                <지역코드>11110</지역코드>
                <층>1</층>
            </item>
            <item>
                <건축년도>2009</건축년도>
                <년>2015</년>
                <법정동>
                    부암동</법정동>
                <보증금액>
                    23,000</보증금액>
                <연립다세대>화이트빌</연립다세대>
                <월>12</월>
                <월세금액>
                    0</월세금액>
                <일>9</일>
                <전용면적>60.24</전용면적>
                <지번>208-43</지번>
                <지역코드>11110</지역코드>
                <층>3</층>
            </item>
            <item>
                <건축년도>2004</건축년도>
                <년>2015</년>
                <법정동>
                    부암동</법정동>
                <보증금액>
                    27,000</보증금액>
                <연립다세대>국제그린빌</연립다세대>
                <월>12</월>
                <월세금액>
                    0</월세금액>
                <일>11</일>
                <전용면적>76.34</전용면적>
                <지번>208-32</지번>
                <지역코드>11110</지역코드>
                <층>3</층>
            </item>
            <item>
                <건축년도>1987</건축년도>
                <년>2015</년>
                <법정동>
                    부암동</법정동>
                <보증금액>
                    15,000</보증금액>
                <연립다세대>우림빌라</연립다세대>
                <월>12</월>
                <월세금액>
                    30</월세금액>
                <일>13</일>
                <전용면적>48.1</전용면적>
                <지번>48-4</지번>
                <지역코드>11110</지역코드>
                <층>3</층>
            </item>
            <item>
                <건축년도>2004</건축년도>
                <년>2015</년>
                <법정동>
                    부암동</법정동>
                <보증금액>
                    26,000</보증금액>
                <연립다세대>정한빌라(3호)</연립다세대>
                <월>12</월>
                <월세금액>
                    0</월세금액>
                <일>23</일>
                <전용면적>77.09</전용면적>
                <지번>384-9</지번>
                <지역코드>11110</지역코드>
                <층>2</층>
            </item>
            <item>
                <건축년도>1978</건축년도>
                <년>2015</년>
                <법정동>
                    신영동</법정동>
                <보증금액>
                    12,000</보증금액>
                <연립다세대>청암빌라</연립다세대>
                <월>12</월>
                <월세금액>
                    0</월세금액>
                <일>4</일>
                <전용면적>72.23</전용면적>
                <지번>72-33</지번>
                <지역코드>11110</지역코드>
                <층>2</층>
            </item>
            <item>
                <건축년도>1990</건축년도>
                <년>2015</년>
                <법정동>
                    신영동</법정동>
                <보증금액>
                    30,000</보증금액>
                <연립다세대>진안빌라</연립다세대>
                <월>12</월>
                <월세금액>
                    0</월세금액>
                <일>8</일>
                <전용면적>93.57</전용면적>
                <지번>188</지번>
                <지역코드>11110</지역코드>
                <층>1</층>
            </item>
            <item>
                <건축년도>2001</건축년도>
                <년>2015</년>
                <법정동>
                    신영동</법정동>
                <보증금액>
                    18,000</보증금액>
                <연립다세대>썬빌라</연립다세대>
                <월>12</월>
                <월세금액>
                    0</월세금액>
                <일>23</일>
                <전용면적>50.89</전용면적>
                <지번>100-1</지번>
                <지역코드>11110</지역코드>
                <층>1</층>
            </item>
            <item>
                <건축년도>1981</건축년도>
                <년>2015</년>
                <법정동>
                    무악동</법정동>
                <보증금액>
                    11,000</보증금액>
                <연립다세대>무악복합상가</연립다세대>
                <월>12</월>
                <월세금액>
                    10</월세금액>
                <일>1</일>
                <전용면적>80.76</전용면적>
                <지번>63-4</지번>
                <지역코드>11110</지역코드>
                <층>3</층>
            </item>
            <item>
                <건축년도>1991</건축년도>
                <년>2015</년>
                <법정동>
                    무악동</법정동>
                <보증금액>
                    2,000</보증금액>
                <연립다세대>진양빌라B동</연립다세대>
                <월>12</월>
                <월세금액>
                    60</월세금액>
                <일>12</일>
                <전용면적>60.36</전용면적>
                <지번>63-11</지번>
                <지역코드>11110</지역코드>
                <층>2</층>
            </item>
            <item>
                <건축년도>1980</건축년도>
                <년>2015</년>
                <법정동>
                    무악동</법정동>
                <보증금액>
                    14,000</보증금액>
                <연립다세대>(63-9)</연립다세대>
                <월>12</월>
                <월세금액>
                    0</월세금액>
                <일>31</일>
                <전용면적>81.62</전용면적>
                <지번>63-9</지번>
                <지역코드>11110</지역코드>
                <층>4</층>
            </item>
        </items>
        <numOfRows>10</numOfRows>
        <pageNo>1</pageNo>
        <totalCount>136</totalCount>
    </body>
</response>