<?xml version="1.0" encoding="UTF-8" standalone="yes"?>
<response>
    <header>
        <resultCode>00</resultCode>
        <resultMsg>NORMAL SERVICE.</resultMsg>
    </header>
    <body>
        <items>
            <item>
                <거래금액>
                    59,800</거래금액>
                <건축년도>2005</건축년도>
                <년>2015</년>
                <대지권면적>106.53</대지권면적>
                <법정동>
                    청운동</법정동>
                <연립다세대>에벤에셀</연립다세대>
                <월>12</월>
                <일>24</일>
                <전용면적>107.87</전용면적>
                <지번>56-14</지번>
                <지역코드>11110</지역코드>
                <층>2</층>
            </item>
            <item>
                <거래금액>
                    39,500</거래금액>
                <건축년도>2003</건축년도>
                <년>2015</년>
                <대지권면적>31.46</대지권면적>
                <법정동>
                    신교동</법정동>
                <연립다세대>코디골드빌</연립다세대>
                <월>12</월>
                <일>12</일>
                <전용면적>64.83</전용면적>
                <지번>6-53</지번>
                <지역코드>11110</지역코드>
                <층>4</층>
            </item>
            <item>
                <거래금액>
                    26,000</거래금액>
                <건축년도>1986</건축년도>
                <년>2015</년>
                <대지권면적>31.74</대지권면적>
                <법정동>
                    누하동</법정동>
                <연립다세대>(95-0)</연립다세대>
                <월>12</월>
                <일>23</일>
                <전용면적>42.6</전용면적>
                <지번>95</지번>
                <지역코드>11110</지역코드>
                <층>2</층>
            </item>
            <item>
                <거래금액>
                    50,000</거래금액>
                <건축년도>2001</건축년도>
                <년>2015</년>
                <대지권면적>44.3</대지권면적>
                <법정동>
                    계동</법정동>
                <연립다세대>현대I빌라</연립다세대>
                <월>12</월>
                <일>19</일>
                <전용면적>84.83</전용면적>
                <지번>140-10</지번>
                <지역코드>11110</지역코드>
                <층>3</층>
            </item>
            <item>
                <거래금액>
                    15,000</거래금액>
                <건축년도>1993</건축년도>
                <년>2015</년>
                <대지권면적>27.45</대지권면적>
                <법정동>
                    충신동</법정동>
                <연립다세대>(25-59)</연립다세대>
                <월>12</월>
                <일>7</일>
                <전용면적>56.68</전용면적>
                <지번>25-59</지번>
                <지역코드>11110</지역코드>
                <층>2</층>
            </item>
            <item>
                <거래금액>
                    19,000</거래금액>
                <건축년도>1991</건축년도>
                <년>2015</년>
                <대지권면적>46</대지권면적>
                <법정동>
                    동숭동</법정동>
                <연립다세대>(129-29)</연립다세대>
                <월>12</월>
                <일>23</일>
                <전용면적>70.73</전용면적>
                <지번>129-29</지번>
                <지역코드>11110</지역코드>
                <층>1</층>
            </item>
            <item>
                <거래금액>
                    32,700</거래금액>
                <건축년도>2002</건축년도>
                <년>2015</년>
                <대지권면적>33.1</대지권면적>
                <법정동>
                    혜화동</법정동>
                <연립다세대>(6-26)</연립다세대>
                <월>12</월>
                <일>5</일>
                <전용면적>68.31</전용면적>
                <지번>6-26</지번>
                <지역코드>11110</지역코드>
                <층>4</층>
            </item>
            <item>
                <거래금액>
                    32,900</거래금액>
                <건축년도>2012</건축년도>
                <년>2015</년>
                <대지권면적>30.07</대지권면적>
                <법정동>
                    혜화동</법정동>
                <연립다세대>대도아트빌</연립다세대>
                <월>12</월>
                <일>28</일>
                <전용면적>51.2</전용면적>
                <지번>20-21</지번>
                <지역코드>11110</지역코드>
                <층>3</층>
            </item>
            <item>
                <거래금액>
                    35,900</거래금액>
                <건축년도>2003</건축년도>
                <년>2015</년>
                <대지권면적>41.997</대지권면적>
                <법정동>
                    명륜1가</법정동>
                <연립다세대>포스텔</연립다세대>
                <월>12</월>
                <일>13</일>
                <전용면적>76.32</전용면적>
                <지번>2-18</지번>
                <지역코드>11110</지역코드>
                <층>4</층>
            </item>
            <item>
                <거래금액>
                    27,300</거래금액>
                <건축년도>2002</건축년도>
                <년>2015</년>
                <대지권면적>34.41</대지권면적>
                <법정동>
                    창신동</법정동>
                <연립다세대>정우빌라</연립다세대>
                <월>12</월>
                <일>10</일>
                <전용면적>64.13</전용면적>
                <지번>131-90</지번>
                <지역코드>11110</지역코드>
                <층>1</층>
            </item>
            <item>
                <거래금액>
                    13,500</거래금액>
                <건축년도>1993</건축년도>
                <년>2015</년>
                <대지권면적>18.74</대지권면적>
                <법정동>
                    창신동</법정동>
                <연립다세대>동문아트빌라</연립다세대>
                <월>12</월>
                <일>16</일>
                <전용면적>42.53</전용면적>
                <지번>621-1</지번>
                <지역코드>11110</지역코드>
                <층>1</층>
            </item>
            <item>
                <거래금액>
                    22,650</거래금액>
                <건축년도>1996</건축년도>
                <년>2015</년>
                <대지권면적>44.3</대지권면적>
                <법정동>
                    창신동</법정동>
                <연립다세대>이화맨션</연립다세대>
                <월>12</월>
                <일>17</일>
                <전용면적>63.75</전용면적>
                <지번>609</지번>
                <지역코드>11110</지역코드>
                <층>3</층>
            </item>
            <item>
                <거래금액>
                    20,000</거래금액>
                <건축년도>2001</건축년도>
                <년>2015</년>
                <대지권면적>20.74</대지권면적>
                <법정동>
                    숭인동</법정동>
                <연립다세대>월드팰리스</연립다세대>
                <월>12</월>
                <일>3</일>
                <전용면적>59.96</전용면적>
                <지번>811</지번>
                <지역코드>11110</지역코드>
                <층>-1</층>
            </item>
            <item>
                <거래금액>
                    25,500</거래금액>
                <건축년도>2003</건축년도>
                <년>2015</년>
                <대지권면적>31.998</대지권면적>
                <법정동>
                    숭인동</법정동>
                <연립다세대>한서아이빌</연립다세대>
                <월>12</월>
                <일>4</일>
                <전용면적>69.87</전용면적>
                <지번>714</지번>
                <지역코드>11110</지역코드>
                <층>4</층>
            </item>
            <item>
                <거래금액>
                    22,000</거래금액>
                <건축년도>2001</건축년도>
                <년>2015</년>
                <대지권면적>22.22</대지권면적>
                <법정동>
                    숭인동</법정동>
                <연립다세대>동문타운 B</연립다세대>
                <월>12</월>
                <일>9</일>
                <전용면적>59.98</전용면적>
                <지번>181-86</지번>
                <지역코드>11110</지역코드>
                <층>2</층>
            </item>
            <item>
                <거래금액>
                    23,500</거래금액>
                <건축년도>2006</건축년도>
                <년>2015</년>
                <대지권면적>21.55</대지권면적>
                <법정동>
                    숭인동</법정동>
                <연립다세대>월드메카</연립다세대>
                <월>12</월>
                <일>11</일>
                <전용면적>58.34</전용면적>
                <지번>586</지번>
                <지역코드>11110</지역코드>
                <층>1</층>
            </item>
            <item>
                <거래금액>
                    5,100</거래금액>
                <건축년도>2007</건축년도>
                <년>2015</년>
                <대지권면적>8.2</대지권면적>
                <법정동>
                    숭인동</법정동>
                <연립다세대>(181-77)</연립다세대>
                <월>12</월>
                <일>12</일>
                <전용면적>15.33</전용면적>
                <지번>181-77</지번>
                <지역코드>11110</지역코드>
                <층>2</층>
            </item>
            <item>
                <거래금액>
                    27,500</거래금액>
                <건축년도>2015</건축년도>
                <년>2015</년>
                <대지권면적>23.59</대지권면적>
                <법정동>
                    숭인동</법정동>
                <연립다세대>한울스페이스Ⅶ</연립다세대>
                <월>12</월>
                <일>15</일>
                <전용면적>38.06</전용면적>
                <지번>56-94</지번>
                <지역코드>11110</지역코드>
                <층>4</층>
            </item>
            <item>
                <거래금액>
                    12,000</거래금액>
                <건축년도>2001</건축년도>
                <년>2015</년>
                <대지권면적>15.8</대지권면적>
                <법정동>
                    숭인동</법정동>
                <연립다세대>서울빌라</연립다세대>
                <월>12</월>
                <일>24</일>
                <전용면적>47.13</전용면적>
                <지번>645</지번>
                <지역코드>11110</지역코드>
                <층>-1</층>
            </item>
            <item>
                <거래금액>
                    27,200</거래금액>
                <건축년도>2015</건축년도>
                <년>2015</년>
                <대지권면적>14.5</대지권면적>
                <법정동>
                    숭인동</법정동>
                <연립다세대>영신아트빌4차</연립다세대>
                <월>12</월>
                <일>25</일>
                <전용면적>28.84</전용면적>
                <지번>59-29</지번>
                <지역코드>11110</지역코드>
                <층>5</층>
            </item>
            <item>
                <거래금액>
                    20,000</거래금액>
                <건축년도>1999</건축년도>
                <년>2015</년>
                <대지권면적>22.4</대지권면적>
                <법정동>
                    행촌동</법정동>
                <연립다세대>(1-3)</연립다세대>
                <월>12</월>
                <일>1</일>
                <전용면적>58.23</전용면적>
                <지번>1-3</지번>
                <지역코드>11110</지역코드>
                <층>-1</층>
            </item>
            <item>
                <거래금액>
                    15,800</거래금액>
                <건축년도>2001</건축년도>
                <년>2015</년>
                <대지권면적>18.7</대지권면적>
                <법정동>
                    행촌동</법정동>
                <연립다세대>삼성아트빌</연립다세대>
                <월>12</월>
                <일>15</일>
                <전용면적>43.43</전용면적>
                <지번>171-51</지번>
                <지역코드>11110</지역코드>
                <층>1</층>
            </item>
            <item>
                <거래금액>
                    11,900</거래금액>
                <건축년도>1996</건축년도>
                <년>2015</년>
                <대지권면적>15.2</대지권면적>
                <법정동>
                    행촌동</법정동>
                <연립다세대>(210-447)</연립다세대>
                <월>12</월>
                <일>21</일>
                <전용면적>39.45</전용면적>
                <지번>210-447</지번>
                <지역코드>11110</지역코드>
                <층>4</층>
            </item>
            <item>
                <거래금액>
                    52,000</거래금액>
                <건축년도>1988</건축년도>
                <년>2015</년>
                <대지권면적>113.9</대지권면적>
                <법정동>
                    구기동</법정동>
                <연립다세대>현대구기빌라</연립다세대>
                <월>12</월>
                <일>30</일>
                <전용면적>84.44</전용면적>
                <지번>130</지번>
                <지역코드>11110</지역코드>
                <층>3</층>
            </item>
            <item>
                <거래금액>
                    20,000</거래금액>
                <건축년도>2002</건축년도>
                <년>2015</년>
                <대지권면적>24.64</대지권면적>
                <법정동>
                    구기동</법정동>
                <연립다세대>한솔리더빌3차(A동)</연립다세대>
                <월>12</월>
                <일>31</일>
                <전용면적>57.21</전용면적>
                <지번>81-48</지번>
                <지역코드>11110</지역코드>
                <층>4</층>
            </item>
            <item>
                <거래금액>
                    17,200</거래금액>
                <건축년도>1994</건축년도>
                <년>2015</년>
                <대지권면적>37.63</대지권면적>
                <법정동>
                    평창동</법정동>
                <연립다세대>동서주택(2000동)</연립다세대>
                <월>12</월>
                <일>8</일>
                <전용면적>50.31</전용면적>
                <지번>99-42</지번>
                <지역코드>11110</지역코드>
                <층>-1</층>
            </item>
            <item>
                <거래금액>
                    44,000</거래금액>
                <건축년도>1994</건축년도>
                <년>2015</년>
                <대지권면적>81.48</대지권면적>
                <법정동>
                    평창동</법정동>
                <연립다세대>힐사이드빌라</연립다세대>
                <월>12</월>
                <일>9</일>
                <전용면적>88.33</전용면적>
                <지번>329-1</지번>
                <지역코드>11110</지역코드>
                <층>2</층>
            </item>
            <item>
                <거래금액>
                    65,000</거래금액>
                <건축년도>1998</건축년도>
                <년>2015</년>
                <대지권면적>76.6</대지권면적>
                <법정동>
                    평창동</법정동>
                <연립다세대>송원빌라트</연립다세대>
                <월>12</월>
                <일>9</일>
                <전용면적>157.43</전용면적>
                <지번>182-9</지번>
                <지역코드>11110</지역코드>
                <층>4</층>
            </item>
            <item>
                <거래금액>
                    43,000</거래금액>
                <건축년도>1986</건축년도>
                <년>2015</년>
                <대지권면적>106.45</대지권면적>
                <법정동>
                    평창동</법정동>
                <연립다세대>현대평창빌라</연립다세대>
                <월>12</월>
                <일>10</일>
                <전용면적>84.69</전용면적>
                <지번>176</지번>
                <지역코드>11110</지역코드>
                <층>3</층>
            </item>
            <item>
                <거래금액>
                    36,500</거래금액>
                <건축년도>1992</건축년도>
                <년>2015</년>
                <대지권면적>106.83</대지권면적>
                <법정동>
                    평창동</법정동>
                <연립다세대>금강주택</연립다세대>
                <월>12</월>
                <일>12</일>
                <전용면적>84.95</전용면적>
                <지번>170</지번>
                <지역코드>11110</지역코드>
                <층>2</층>
            </item>
            <item>
                <거래금액>
                    28,500</거래금액>
                <건축년도>1988</건축년도>
                <년>2015</년>
                <대지권면적>94.69</대지권면적>
                <법정동>
                    평창동</법정동>
                <연립다세대>경남빌라</연립다세대>
                <월>12</월>
                <일>15</일>
                <전용면적>84.91</전용면적>
                <지번>94</지번>
                <지역코드>11110</지역코드>
                <층>-1</층>
            </item>
            <item>
                <거래금액>
                    10,500</거래금액>
                <건축년도>1990</건축년도>
                <년>2015</년>
                <대지권면적>22.16</대지권면적>
                <법정동>
                    평창동</법정동>
                <연립다세대>일신</연립다세대>
                <월>12</월>
                <일>18</일>
                <전용면적>36.67</전용면적>
                <지번>293-47</지번>
                <지역코드>11110</지역코드>
                <층>4</층>
            </item>
            <item>
                <거래금액>
                    32,000</거래금액>
                <건축년도>1991</건축년도>
                <년>2015</년>
                <대지권면적>92.33</대지권면적>
                <법정동>
                    평창동</법정동>
                <연립다세대>평창하이츠빌라가동</연립다세대>
                <월>12</월>
                <일>19</일>
                <전용면적>84.91</전용면적>
                <지번>456-11</지번>
                <지역코드>11110</지역코드>
                <층>2</층>
            </item>
            <item>
                <거래금액>
                    16,000</거래금액>
                <건축년도>1997</건축년도>
                <년>2015</년>
                <대지권면적>56.5</대지권면적>
                <법정동>
                    평창동</법정동>
                <연립다세대>(549-3)</연립다세대>
                <월>12</월>
                <일>23</일>
                <전용면적>75.45</전용면적>
                <지번>549-3</지번>
                <지역코드>11110</지역코드>
                <층>-1</층>
            </item>
            <item>
                <거래금액>
                    27,700</거래금액>
                <건축년도>1983</건축년도>
                <년>2015</년>
                <대지권면적>95.8</대지권면적>
                <법정동>
                    평창동</법정동>
                <연립다세대>럭키빌라(C동)</연립다세대>
                <월>12</월>
                <일>30</일>
                <전용면적>103.11</전용면적>
                <지번>175-19</지번>
                <지역코드>11110</지역코드>
                <층>1</층>
            </item>
            <item>
                <거래금액>
                    34,000</거래금액>
                <건축년도>2007</건축년도>
                <년>2015</년>
                <대지권면적>46.25</대지권면적>
                <법정동>
                    부암동</법정동>
                <연립다세대>148-45</연립다세대>
                <월>12</월>
                <일>10</일>
                <전용면적>64.76</전용면적>
                <지번>148-45</지번>
                <지역코드>11110</지역코드>
                <층>3</층>
            </item>
            <item>
                <거래금액>
                    24,000</거래금액>
                <건축년도>1983</건축년도>
                <년>2015</년>
                <대지권면적>102</대지권면적>
                <법정동>
                    부암동</법정동>
                <연립다세대>벽산빌라</연립다세대>
                <월>12</월>
                <일>14</일>
                <전용면적>71.8</전용면적>
                <지번>239-5</지번>
                <지역코드>11110</지역코드>
                <층>1</층>
            </item>
            <item>
                <거래금액>
                    14,750</거래금액>
                <건축년도>1988</건축년도>
                <년>2015</년>
                <대지권면적>50.16</대지권면적>
                <법정동>
                    부암동</법정동>
                <연립다세대>부암빌라(가동)</연립다세대>
                <월>12</월>
                <일>21</일>
                <전용면적>34.35</전용면적>
                <지번>129-21</지번>
                <지역코드>11110</지역코드>
                <층>1</층>
            </item>
            <item>
                <거래금액>
                    20,000</거래금액>
                <건축년도>1989</건축년도>
                <년>2015</년>
                <대지권면적>73.18</대지권면적>
                <법정동>
                    신영동</법정동>
                <연립다세대>완성주택</연립다세대>
                <월>12</월>
                <일>7</일>
                <전용면적>38.88</전용면적>
                <지번>213-1</지번>
                <지역코드>11110</지역코드>
                <층>3</층>
            </item>
            <item>
                <거래금액>
                    22,580</거래금액>
                <건축년도>1989</건축년도>
                <년>2015</년>
                <대지권면적>19.93</대지권면적>
                <법정동>
                    신영동</법정동>
                <연립다세대>완성빌라</연립다세대>
                <월>12</월>
                <일>17</일>
                <전용면적>49.32</전용면적>
                <지번>212-1</지번>
                <지역코드>11110</지역코드>
                <층>2</층>
            </item>
        </items>
        <numOfRows>10</numOfRows>
        <pageNo>1</pageNo>
        <totalCount>40</totalCount>
    </body>
</response>